EmployeeId,DateWorked,JobCode,CostCode,PayType,HoursWorked,WorkOrder,Department,Notes
993,2025-08-13,JOB537,0401,DT,10,WO614,Safety,Weekend work
209,2025-06-27,JOB277,0441,OT,6,WO631,FieldOps,Night shift
310,2025-05-30,JOB599,0448,REG,4,WO753,Maintenance,Night shift
537,2025-08-05,JOB420,0412,REG,6,WO809,Maintenance,Weekend work
591,2025-07-29,JOB280,0435,DT,8,WO707,Maintenance,Regular schedule
933,2025-06-24,JOB490,0400,OT,6,WO241,FieldOps,Night shift
776,2025-05-23,JOB998,0462,DT,8,WO206,FieldOps,Night shift
432,2025-06-01,JOB764,0443,DT,8,WO634,Maintenance,Weekend work
564,2025-06-13,JOB897,0493,OT,10,WO624,FieldOps,Overtime
949,2025-06-04,JOB722,0429,DT,12,WO167,Logistics,Weekend work
716,2025-07-19,JOB870,0441,DT,10,WO583,Safety,Weekend work
760,2025-06-21,JOB243,0438,OT,4,WO447,Logistics,Day shift
666,2025-07-07,JOB304,0490,REG,6,WO452,Logistics,Weekend work
918,2025-07-19,JOB912,0437,OT,10,WO864,FieldOps,Night shift
147,2025-07-17,JOB565,0484,REG,6,WO413,FieldOps,Day shift
196,2025-07-24,JOB402,0400,OT,12,WO832,Maintenance,Regular schedule
875,2025-06-20,JOB157,0466,OT,8,WO476,Safety,Emergency call
162,2025-07-16,JOB898,0490,REG,8,WO270,Safety,Overtime
813,2025-05-31,JOB566,0401,DT,8,WO699,Maintenance,Regular schedule
323,2025-07-15,JOB266,0456,DT,6,WO354,Logistics,Day shift
258,2025-06-17,JOB217,0448,OT,6,WO268,Safety,Regular schedule
869,2025-06-29,JOB512,0438,REG,10,WO197,Maintenance,Weekend work
814,2025-06-09,JOB412,0402,OT,6,WO905,Logistics,Night shift
186,2025-06-24,JOB958,0471,DT,10,WO982,Safety,Emergency call
761,2025-07-04,JOB965,0414,OT,12,WO678,FieldOps,Weekend work
445,2025-08-07,JOB158,0488,DT,8,WO642,Logistics,Overtime
834,2025-08-12,JOB706,0445,REG,4,WO444,Logistics,Day shift
639,2025-08-09,JOB675,0427,REG,6,WO166,Logistics,Regular schedule
520,2025-08-10,JOB392,0434,REG,8,WO364,Logistics,Regular schedule
901,2025-08-16,JOB979,0498,OT,12,WO325,Safety,Emergency call
333,2025-08-07,JOB528,0487,DT,4,WO151,Maintenance,Regular schedule
709,2025-08-05,JOB669,0427,OT,8,WO606,Safety,Emergency call
828,2025-06-09,JOB869,0442,OT,12,WO101,Safety,Emergency call
875,2025-05-25,JOB500,0429,DT,8,WO721,Maintenance,Weekend work
797,2025-06-21,JOB693,0476,OT,8,WO459,Safety,Emergency call
900,2025-08-04,JOB698,0400,REG,10,WO122,Maintenance,Regular schedule
865,2025-07-09,JOB898,0481,OT,8,WO316,Maintenance,Day shift
969,2025-07-06,JOB453,0478,REG,10,WO769,Safety,Emergency call
168,2025-07-19,JOB620,0489,DT,12,WO831,Logistics,Overtime
248,2025-07-22,JOB550,0434,REG,4,WO987,FieldOps,Weekend work
423,2025-05-23,JOB523,0411,DT,4,WO279,Safety,Weekend work
422,2025-06-26,JOB796,0490,REG,4,WO320,FieldOps,Emergency call
635,2025-06-21,JOB774,0436,REG,8,WO207,Maintenance,Night shift
141,2025-07-13,JOB158,0409,OT,8,WO721,Maintenance,Weekend work
779,2025-08-01,JOB206,0436,DT,10,WO235,FieldOps,Day shift
136,2025-07-24,JOB766,0436,OT,10,WO646,Logistics,Emergency call
557,2025-08-09,JOB876,0442,OT,8,WO986,Maintenance,Emergency call
193,2025-07-12,JOB501,0429,OT,12,WO731,Maintenance,Weekend work
185,2025-06-21,JOB782,0467,DT,4,WO805,FieldOps,Regular schedule
152,2025-06-25,JOB626,0461,OT,6,WO666,FieldOps,Night shift
988,2025-07-05,JOB588,0461,DT,12,WO879,Logistics,Emergency call
602,2025-08-16,JOB539,0443,DT,6,WO691,Maintenance,Night shift
506,2025-07-15,JOB515,0485,OT,12,WO305,FieldOps,Emergency call
888,2025-05-30,JOB985,0472,OT,10,WO101,Logistics,Night shift
335,2025-07-23,JOB232,0453,OT,10,WO616,Logistics,Night shift
283,2025-07-01,JOB853,0482,REG,10,WO306,Logistics,Emergency call
668,2025-08-13,JOB793,0422,DT,12,WO332,FieldOps,Weekend work
205,2025-07-25,JOB686,0491,DT,4,WO884,Maintenance,Day shift
454,2025-06-08,JOB957,0427,REG,10,WO382,Logistics,Night shift
442,2025-07-09,JOB698,0406,DT,8,WO264,FieldOps,Emergency call
131,2025-05-27,JOB861,0478,REG,8,WO724,Maintenance,Weekend work
282,2025-08-04,JOB463,0493,OT,8,WO295,Safety,Day shift
228,2025-07-18,JOB109,0496,OT,4,WO807,FieldOps,Weekend work
851,2025-07-20,JOB331,0476,REG,10,WO772,Logistics,Weekend work
530,2025-07-29,JOB219,0494,OT,8,WO522,FieldOps,Overtime
912,2025-07-09,JOB993,0457,REG,8,WO850,Logistics,Weekend work
493,2025-05-24,JOB708,0444,DT,8,WO981,Maintenance,Regular schedule
986,2025-07-24,JOB738,0431,DT,6,WO387,Logistics,Overtime
455,2025-07-20,JOB928,0483,REG,10,WO240,Logistics,Day shift
633,2025-06-25,JOB532,0451,DT,10,WO474,Maintenance,Emergency call
389,2025-06-09,JOB273,0462,REG,10,WO643,Logistics,Weekend work
210,2025-08-07,JOB186,0430,REG,4,WO445,Logistics,Overtime
826,2025-06-06,JOB562,0448,OT,4,WO614,Maintenance,Emergency call
189,2025-08-11,JOB271,0417,OT,4,WO962,Logistics,Day shift
209,2025-06-10,JOB348,0477,OT,8,WO777,Maintenance,Weekend work
554,2025-08-10,JOB114,0422,OT,12,WO302,FieldOps,Night shift
258,2025-06-11,JOB639,0499,OT,4,WO774,Maintenance,Regular schedule
174,2025-07-14,JOB220,0419,OT,4,WO449,Safety,Overtime
307,2025-05-26,JOB468,0477,DT,8,WO936,Maintenance,Weekend work
851,2025-07-27,JOB928,0409,OT,12,WO151,Safety,Night shift
603,2025-08-06,JOB631,0496,OT,4,WO838,FieldOps,Day shift
787,2025-07-15,JOB583,0487,DT,10,WO462,Maintenance,Night shift
114,2025-06-15,JOB593,0480,REG,6,WO654,Maintenance,Night shift
357,2025-07-14,JOB944,0488,DT,8,WO981,FieldOps,Day shift
160,2025-06-05,JOB494,0444,REG,12,WO651,Logistics,Overtime
913,2025-06-23,JOB797,0413,DT,6,WO695,Logistics,Weekend work
243,2025-06-23,JOB605,0454,OT,12,WO643,Logistics,Regular schedule
180,2025-08-03,JOB663,0435,REG,4,WO456,Logistics,Regular schedule
874,2025-06-29,JOB585,0495,REG,12,WO105,Maintenance,Weekend work
128,2025-05-30,JOB250,0483,REG,4,WO568,FieldOps,Day shift
790,2025-05-31,JOB270,0451,DT,8,WO424,FieldOps,Overtime
118,2025-06-23,JOB540,0457,OT,6,WO388,Maintenance,Day shift
727,2025-08-15,JOB845,0425,REG,10,WO101,FieldOps,Day shift
988,2025-07-25,JOB551,0468,DT,6,WO240,Maintenance,Emergency call
645,2025-06-16,JOB441,0435,REG,10,WO444,Maintenance,Day shift
226,2025-08-08,JOB991,0482,OT,6,WO481,Maintenance,Emergency call
766,2025-07-16,JOB805,0489,REG,12,WO621,Logistics,Regular schedule
283,2025-05-25,JOB682,0442,DT,4,WO766,Safety,Weekend work
978,2025-06-11,JOB853,0458,OT,12,WO408,Maintenance,Overtime
981,2025-06-11,JOB725,0443,DT,4,WO125,Safety,Emergency call
901,2025-07-21,JOB998,0436,DT,10,WO901,FieldOps,Day shift
173,2025-08-03,JOB746,0422,DT,6,WO792,Logistics,Weekend work
505,2025-06-27,JOB347,0490,DT,6,WO638,Maintenance,Emergency call
947,2025-07-27,JOB214,0401,REG,8,WO571,Safety,Regular schedule
353,2025-07-06,JOB899,0468,REG,8,WO110,Logistics,Day shift
807,2025-07-14,JOB268,0416,OT,10,WO622,Maintenance,Night shift
447,2025-06-19,JOB303,0481,DT,12,WO573,Logistics,Weekend work
841,2025-06-01,JOB634,0440,REG,8,WO507,Safety,Day shift
367,2025-07-27,JOB780,0410,REG,10,WO410,Logistics,Emergency call
902,2025-07-25,JOB785,0487,DT,12,WO666,Logistics,Emergency call
116,2025-08-09,JOB226,0453,REG,4,WO562,Maintenance,Regular schedule
541,2025-07-12,JOB349,0444,DT,10,WO606,Maintenance,Night shift
479,2025-06-03,JOB571,0432,DT,6,WO112,FieldOps,Emergency call
934,2025-06-07,JOB661,0491,OT,12,WO294,Maintenance,Overtime
868,2025-06-21,JOB862,0497,DT,4,WO330,Maintenance,Overtime
697,2025-07-14,JOB414,0475,REG,8,WO643,Safety,Emergency call
451,2025-08-11,JOB643,0407,REG,8,WO896,FieldOps,Weekend work
853,2025-05-25,JOB829,0413,REG,12,WO370,FieldOps,Regular schedule
890,2025-06-15,JOB111,0450,REG,4,WO650,Safety,Overtime
928,2025-07-21,JOB748,0405,DT,6,WO624,Safety,Day shift
897,2025-06-22,JOB198,0484,OT,10,WO916,FieldOps,Emergency call
648,2025-07-09,JOB606,0419,OT,4,WO737,Maintenance,Emergency call
650,2025-06-21,JOB982,0465,REG,8,WO197,Maintenance,Regular schedule
488,2025-06-28,JOB639,0408,OT,10,WO707,FieldOps,Emergency call
991,2025-07-21,JOB720,0435,OT,10,WO241,Maintenance,Night shift
140,2025-06-12,JOB185,0482,REG,6,WO899,Logistics,Emergency call
535,2025-08-06,JOB983,0439,OT,4,WO565,Logistics,Weekend work
212,2025-06-19,JOB755,0420,OT,6,WO458,FieldOps,Day shift
762,2025-06-10,JOB832,0479,DT,12,WO707,Logistics,Night shift
797,2025-05-28,JOB590,0498,OT,12,WO279,Logistics,Night shift
919,2025-07-01,JOB981,0410,OT,4,WO169,FieldOps,Regular schedule
371,2025-07-21,JOB477,0407,REG,4,WO736,Maintenance,Night shift
816,2025-06-02,JOB308,0431,DT,10,WO957,Safety,Emergency call
308,2025-06-11,JOB743,0410,DT,8,WO234,FieldOps,Regular schedule
337,2025-07-25,JOB102,0463,DT,8,WO509,FieldOps,Weekend work
190,2025-08-06,JOB107,0438,DT,4,WO888,Logistics,Weekend work
290,2025-06-08,JOB724,0404,REG,4,WO572,Safety,Emergency call
486,2025-07-13,JOB694,0460,OT,4,WO543,Safety,Regular schedule
311,2025-07-19,JOB538,0476,OT,8,WO525,FieldOps,Weekend work
260,2025-08-12,JOB312,0446,DT,8,WO107,Logistics,Night shift
906,2025-07-18,JOB404,0457,OT,6,WO582,Safety,Night shift
795,2025-05-26,JOB866,0486,REG,6,WO727,Logistics,Day shift
381,2025-06-29,JOB825,0416,DT,12,WO373,FieldOps,Weekend work
310,2025-07-08,JOB773,0496,OT,10,WO688,Logistics,Regular schedule
282,2025-07-04,JOB963,0452,DT,12,WO137,Logistics,Overtime
449,2025-05-29,JOB421,0453,REG,6,WO111,Safety,Night shift
641,2025-07-23,JOB501,0418,REG,10,WO468,Maintenance,Regular schedule
206,2025-08-13,JOB349,0460,REG,8,WO469,Logistics,Night shift
100,2025-06-22,JOB411,0448,REG,8,WO414,FieldOps,Night shift
956,2025-06-11,JOB529,0491,DT,12,WO853,Safety,Overtime
923,2025-08-05,JOB656,0488,REG,4,WO879,Logistics,Regular schedule
301,2025-07-20,JOB831,0469,REG,8,WO248,Maintenance,Overtime
212,2025-05-26,JOB171,0431,OT,4,WO519,Safety,Day shift
127,2025-06-21,JOB373,0415,DT,10,WO999,Logistics,Weekend work
478,2025-06-01,JOB676,0475,OT,4,WO574,Safety,Emergency call
553,2025-06-21,JOB269,0448,OT,4,WO193,Maintenance,Overtime
159,2025-08-01,JOB535,0466,REG,6,WO345,Maintenance,Overtime
460,2025-07-01,JOB781,0456,DT,12,WO830,Logistics,Weekend work
470,2025-06-16,JOB392,0444,DT,12,WO823,FieldOps,Overtime
294,2025-07-15,JOB506,0405,OT,4,WO927,Maintenance,Overtime
381,2025-05-24,JOB806,0432,REG,8,WO448,Maintenance,Emergency call
892,2025-07-05,JOB184,0435,REG,8,WO979,Maintenance,Regular schedule
909,2025-06-04,JOB408,0405,OT,12,WO557,Safety,Overtime
621,2025-08-03,JOB715,0482,REG,12,WO322,Safety,Emergency call
669,2025-05-29,JOB559,0427,REG,8,WO456,Logistics,Night shift
179,2025-06-16,JOB234,0423,DT,6,WO922,Safety,Overtime
205,2025-07-03,JOB237,0483,REG,12,WO353,Maintenance,Day shift
524,2025-06-28,JOB631,0452,OT,4,WO945,Maintenance,Overtime
545,2025-08-03,JOB545,0481,DT,8,WO304,FieldOps,Regular schedule
284,2025-07-29,JOB474,0410,REG,8,WO498,Safety,Regular schedule
276,2025-05-25,JOB154,0453,OT,6,WO960,Maintenance,Emergency call
891,2025-05-31,JOB274,0480,REG,8,WO499,FieldOps,Overtime
495,2025-07-02,JOB725,0487,OT,10,WO369,Safety,Night shift
367,2025-07-19,JOB409,0449,OT,6,WO841,Safety,Day shift
156,2025-07-31,JOB673,0484,DT,8,WO719,Maintenance,Night shift
300,2025-08-06,JOB475,0432,DT,4,WO864,FieldOps,Day shift
540,2025-08-14,JOB853,0422,DT,8,WO985,Logistics,Day shift
620,2025-07-07,JOB792,0437,DT,4,WO906,Maintenance,Emergency call
210,2025-06-06,JOB990,0459,REG,8,WO351,Safety,Regular schedule
605,2025-06-17,JOB978,0481,DT,4,WO988,Safety,Overtime
768,2025-07-31,JOB810,0453,REG,8,WO214,Maintenance,Emergency call
642,2025-08-11,JOB977,0450,DT,4,WO827,Logistics,Emergency call
892,2025-07-21,JOB168,0453,REG,10,WO837,Maintenance,Weekend work
753,2025-08-15,JOB230,0480,DT,6,WO401,Safety,Overtime
720,2025-06-24,JOB942,0476,REG,8,WO347,Logistics,Night shift
587,2025-05-28,JOB952,0425,OT,6,WO917,Logistics,Emergency call
434,2025-07-29,JOB538,0417,OT,10,WO245,Logistics,Emergency call
451,2025-05-27,JOB583,0491,OT,8,WO106,Logistics,Day shift
127,2025-06-28,JOB327,0430,DT,12,WO697,Maintenance,Overtime
980,2025-06-01,JOB629,0495,REG,8,WO292,Maintenance,Weekend work
500,2025-08-03,JOB712,0415,REG,12,WO288,Maintenance,Day shift
453,2025-07-28,JOB679,0430,OT,4,WO256,FieldOps,Overtime
301,2025-07-27,JOB790,0471,REG,12,WO521,Maintenance,Overtime
470,2025-07-16,JOB234,0415,OT,12,WO893,Safety,Emergency call
276,2025-07-27,JOB120,0404,REG,6,WO967,FieldOps,Regular schedule
240,2025-08-07,JOB334,0431,REG,12,WO630,Maintenance,Weekend work
626,2025-08-01,JOB549,0407,REG,4,WO828,Logistics,Night shift
908,2025-06-15,JOB864,0482,OT,4,WO257,Maintenance,Weekend work
639,2025-07-26,JOB653,0450,REG,6,WO320,Logistics,Overtime
311,2025-07-12,JOB177,0412,REG,12,WO832,Maintenance,Regular schedule
760,2025-06-01,JOB552,0441,OT,4,WO215,Maintenance,Night shift
807,2025-05-26,JOB238,0420,DT,10,WO379,Safety,Night shift
909,2025-07-08,JOB600,0489,OT,10,WO757,Logistics,Regular schedule
985,2025-08-11,JOB882,0417,OT,6,WO619,Maintenance,Emergency call
987,2025-05-28,JOB284,0459,DT,4,WO473,FieldOps,Emergency call
396,2025-06-25,JOB704,0404,DT,4,WO747,Logistics,Weekend work
176,2025-05-29,JOB361,0499,REG,10,WO942,Maintenance,Night shift
965,2025-07-18,JOB379,0499,OT,12,WO545,Safety,Emergency call
418,2025-06-13,JOB436,0401,DT,8,WO879,FieldOps,Weekend work
980,2025-07-22,JOB375,0460,OT,6,WO588,Logistics,Day shift
135,2025-07-05,JOB357,0414,DT,8,WO383,FieldOps,Regular schedule
913,2025-08-09,JOB458,0417,REG,12,WO112,Logistics,Regular schedule
672,2025-06-03,JOB789,0409,DT,8,WO640,Logistics,Overtime
395,2025-06-02,JOB209,0419,OT,6,WO505,Maintenance,Night shift
907,2025-08-08,JOB415,0457,REG,10,WO509,Safety,Regular schedule
266,2025-06-05,JOB163,0429,REG,6,WO198,Maintenance,Weekend work
152,2025-06-27,JOB573,0494,DT,12,WO293,Safety,Day shift
263,2025-08-03,JOB814,0490,REG,4,WO440,FieldOps,Overtime
407,2025-08-10,JOB882,0441,OT,12,WO595,FieldOps,Overtime
871,2025-06-26,JOB563,0471,OT,6,WO927,Safety,Emergency call
141,2025-08-09,JOB451,0451,OT,4,WO867,FieldOps,Overtime
746,2025-06-18,JOB368,0422,OT,10,WO954,Logistics,Emergency call
592,2025-07-02,JOB518,0402,DT,12,WO226,Safety,Night shift
781,2025-05-29,JOB896,0428,REG,10,WO970,Logistics,Day shift
993,2025-07-09,JOB717,0497,REG,6,WO619,Logistics,Regular schedule
644,2025-07-28,JOB732,0452,DT,12,WO783,Safety,Day shift
264,2025-08-04,JOB538,0445,OT,8,WO828,FieldOps,Weekend work
863,2025-06-11,JOB430,0408,REG,4,WO541,FieldOps,Night shift
412,2025-08-19,JOB950,0483,OT,4,WO593,Logistics,Day shift
595,2025-08-09,JOB588,0466,REG,6,WO567,Logistics,Night shift
454,2025-08-05,JOB370,0445,DT,6,WO833,Maintenance,Overtime
339,2025-06-04,JOB560,0425,DT,4,WO810,Maintenance,Regular schedule
218,2025-06-20,JOB112,0479,REG,4,WO828,Logistics,Weekend work
115,2025-07-16,JOB995,0492,REG,8,WO135,Logistics,Day shift
400,2025-06-24,JOB970,0498,REG,6,WO944,Maintenance,Night shift
919,2025-08-07,JOB568,0410,OT,4,WO223,Safety,Emergency call
173,2025-07-24,JOB637,0469,OT,10,WO746,Maintenance,Regular schedule
432,2025-07-20,JOB832,0469,OT,4,WO973,Safety,Night shift
327,2025-06-14,JOB965,0443,OT,4,WO440,Logistics,Weekend work
594,2025-07-13,JOB673,0487,OT,12,WO446,Safety,Day shift
236,2025-05-26,JOB861,0415,DT,8,WO284,Maintenance,Weekend work
355,2025-05-24,JOB334,0406,DT,8,WO895,Logistics,Night shift
250,2025-07-13,JOB861,0465,REG,6,WO223,FieldOps,Overtime
641,2025-07-04,JOB536,0469,DT,8,WO515,Logistics,Regular schedule
938,2025-06-04,JOB589,0452,REG,4,WO423,Maintenance,Overtime
788,2025-07-05,JOB141,0407,OT,8,WO173,Logistics,Overtime
188,2025-07-02,JOB617,0490,REG,8,WO597,Maintenance,Night shift
124,2025-07-05,JOB856,0463,OT,6,WO979,FieldOps,Day shift
507,2025-07-07,JOB854,0415,OT,6,WO201,Safety,Day shift
954,2025-06-08,JOB928,0453,OT,6,WO881,Maintenance,Day shift
327,2025-06-12,JOB948,0445,DT,8,WO156,Safety,Overtime
868,2025-08-20,JOB591,0407,OT,12,WO470,Maintenance,Regular schedule
267,2025-06-05,JOB551,0402,DT,8,WO621,FieldOps,Overtime
584,2025-05-26,JOB222,0470,REG,6,WO995,Maintenance,Regular schedule
794,2025-07-10,JOB543,0468,DT,10,WO444,Logistics,Regular schedule
346,2025-08-14,JOB589,0474,REG,12,WO114,Logistics,Day shift
361,2025-07-10,JOB378,0436,REG,4,WO326,Maintenance,Night shift
899,2025-07-23,JOB761,0484,REG,4,WO619,Maintenance,Emergency call
706,2025-08-15,JOB310,0472,DT,6,WO340,Logistics,Regular schedule
720,2025-06-18,JOB259,0410,OT,6,WO349,FieldOps,Weekend work
714,2025-06-07,JOB996,0421,DT,12,WO975,Logistics,Regular schedule
240,2025-08-07,JOB893,0438,DT,6,WO856,FieldOps,Weekend work
503,2025-06-20,JOB496,0407,OT,6,WO927,Logistics,Regular schedule
947,2025-06-05,JOB783,0439,DT,10,WO113,Safety,Regular schedule
643,2025-07-02,JOB938,0472,OT,4,WO683,FieldOps,Regular schedule
936,2025-07-20,JOB982,0429,DT,12,WO924,Maintenance,Weekend work
809,2025-07-10,JOB517,0434,REG,4,WO495,Maintenance,Weekend work
171,2025-07-02,JOB910,0435,OT,10,WO890,FieldOps,Emergency call
121,2025-07-09,JOB869,0455,DT,8,WO220,Maintenance,Night shift
550,2025-06-16,JOB249,0410,DT,6,WO235,Safety,Emergency call
223,2025-06-13,JOB569,0445,DT,4,WO653,Logistics,Weekend work
595,2025-06-14,JOB159,0459,DT,10,WO532,Logistics,Emergency call
441,2025-08-20,JOB190,0469,DT,12,WO571,Maintenance,Regular schedule
505,2025-08-02,JOB894,0422,DT,6,WO412,FieldOps,Day shift
870,2025-08-19,JOB411,0405,REG,8,WO847,FieldOps,Emergency call
862,2025-06-18,JOB946,0408,OT,4,WO706,Safety,Weekend work
113,2025-08-16,JOB530,0464,DT,12,WO463,Logistics,Night shift
729,2025-07-13,JOB845,0436,OT,10,WO395,Safety,Overtime
104,2025-07-25,JOB146,0417,DT,8,WO707,Safety,Emergency call
593,2025-08-20,JOB206,0455,DT,10,WO145,Logistics,Regular schedule
910,2025-07-01,JOB911,0472,REG,12,WO779,FieldOps,Emergency call
931,2025-08-17,JOB367,0484,DT,12,WO518,Maintenance,Weekend work
211,2025-08-13,JOB511,0480,REG,12,WO584,Maintenance,Day shift
426,2025-06-30,JOB243,0488,REG,12,WO393,Logistics,Regular schedule
502,2025-06-21,JOB488,0416,REG,12,WO817,Logistics,Overtime
316,2025-06-26,JOB684,0412,REG,8,WO524,Logistics,Night shift
672,2025-08-20,JOB527,0498,DT,8,WO887,Logistics,Overtime
889,2025-07-13,JOB659,0402,REG,10,WO992,Logistics,Overtime
622,2025-06-14,JOB658,0484,OT,10,WO251,Logistics,Day shift
248,2025-07-15,JOB873,0437,DT,8,WO492,Logistics,Regular schedule
734,2025-07-31,JOB982,0411,OT,10,WO317,FieldOps,Day shift
112,2025-08-15,JOB258,0489,DT,6,WO169,Maintenance,Night shift
202,2025-08-09,JOB249,0443,REG,6,WO350,FieldOps,Weekend work
972,2025-08-09,JOB131,0421,DT,6,WO179,Logistics,Day shift
661,2025-06-13,JOB952,0407,OT,8,WO201,Safety,Overtime
360,2025-07-05,JOB800,0473,REG,6,WO411,FieldOps,Overtime
330,2025-08-11,JOB892,0485,DT,8,WO760,Safety,Night shift
800,2025-06-21,JOB293,0434,OT,6,WO595,Logistics,Regular schedule
197,2025-06-02,JOB213,0494,REG,12,WO944,Safety,Day shift
584,2025-06-10,JOB944,0427,OT,6,WO668,Safety,Overtime
464,2025-06-13,JOB476,0467,REG,10,WO774,Maintenance,Regular schedule
425,2025-06-10,JOB903,0457,OT,10,WO558,Maintenance,Day shift
195,2025-05-25,JOB723,0482,DT,10,WO933,Safety,Day shift
674,2025-06-01,JOB855,0472,DT,8,WO262,Maintenance,Regular schedule
528,2025-06-18,JOB241,0449,DT,8,WO187,Maintenance,Night shift
782,2025-08-09,JOB727,0443,OT,4,WO181,FieldOps,Overtime
992,2025-07-09,JOB494,0431,OT,10,WO398,Maintenance,Emergency call
443,2025-07-24,JOB850,0463,OT,12,WO161,Safety,Weekend work
947,2025-07-28,JOB636,0433,OT,6,WO311,FieldOps,Regular schedule
842,2025-07-13,JOB965,0491,OT,6,WO600,Logistics,Night shift
546,2025-07-17,JOB836,0425,DT,8,WO199,Safety,Night shift
519,2025-08-16,JOB952,0438,OT,12,WO709,Safety,Night shift
552,2025-07-07,JOB869,0464,DT,6,WO451,FieldOps,Emergency call
241,2025-06-08,JOB950,0482,OT,6,WO561,Logistics,Overtime
695,2025-05-31,JOB623,0481,REG,12,WO307,FieldOps,Weekend work
751,2025-07-01,JOB624,0489,DT,4,WO261,Maintenance,Overtime
926,2025-08-01,JOB826,0440,REG,12,WO375,Safety,Regular schedule
624,2025-06-21,JOB185,0473,REG,6,WO274,Logistics,Day shift
429,2025-08-06,JOB385,0471,REG,6,WO865,FieldOps,Regular schedule
923,2025-07-30,JOB252,0445,OT,4,WO962,Logistics,Weekend work
190,2025-05-29,JOB879,0498,REG,6,WO434,Maintenance,Day shift
727,2025-08-18,JOB239,0460,OT,8,WO324,Safety,Night shift
881,2025-06-02,JOB640,0465,DT,8,WO938,FieldOps,Weekend work
445,2025-07-22,JOB751,0439,OT,10,WO662,Logistics,Emergency call
431,2025-06-26,JOB865,0473,OT,10,WO941,FieldOps,Emergency call
166,2025-07-28,JOB699,0445,REG,8,WO460,Maintenance,Regular schedule
713,2025-07-20,JOB287,0402,OT,4,WO736,Logistics,Night shift
139,2025-07-31,JOB132,0445,REG,12,WO324,Logistics,Day shift
960,2025-06-23,JOB950,0440,REG,10,WO753,Logistics,Day shift
643,2025-07-25,JOB145,0478,DT,4,WO988,FieldOps,Night shift
180,2025-05-23,JOB492,0429,DT,8,WO689,Maintenance,Day shift
796,2025-06-21,JOB722,0402,DT,12,WO588,Safety,Day shift
215,2025-08-04,JOB373,0418,OT,12,WO419,Safety,Weekend work
317,2025-05-29,JOB411,0431,OT,6,WO596,FieldOps,Emergency call
763,2025-08-01,JOB297,0454,REG,6,WO299,FieldOps,Overtime
188,2025-06-20,JOB430,0451,REG,6,WO718,Safety,Emergency call
557,2025-08-04,JOB786,0423,REG,10,WO971,Maintenance,Regular schedule
143,2025-06-24,JOB520,0495,REG,6,WO564,Maintenance,Overtime
715,2025-07-14,JOB331,0417,REG,8,WO878,Logistics,Overtime
911,2025-08-07,JOB946,0424,REG,10,WO759,Logistics,Overtime
722,2025-08-08,JOB435,0452,OT,8,WO955,Logistics,Day shift
149,2025-07-17,JOB145,0443,DT,10,WO448,FieldOps,Regular schedule
502,2025-06-25,JOB206,0489,DT,6,WO783,FieldOps,Night shift
178,2025-07-04,JOB521,0496,DT,10,WO465,Logistics,Weekend work
378,2025-07-09,JOB198,0461,DT,12,WO198,Maintenance,Day shift
228,2025-06-26,JOB916,0401,OT,4,WO397,Maintenance,Emergency call
613,2025-08-18,JOB287,0479,DT,12,WO883,Maintenance,Overtime
801,2025-06-30,JOB599,0439,DT,12,WO597,Safety,Weekend work
304,2025-06-24,JOB949,0490,REG,8,WO564,Maintenance,Regular schedule
251,2025-08-01,JOB801,0411,DT,12,WO256,Maintenance,Regular schedule
845,2025-05-30,JOB650,0406,DT,6,WO852,FieldOps,Regular schedule
435,2025-08-06,JOB855,0419,OT,4,WO726,FieldOps,Emergency call
435,2025-08-17,JOB928,0447,REG,6,WO857,Maintenance,Weekend work
883,2025-05-29,JOB319,0471,REG,10,WO882,Maintenance,Overtime
378,2025-06-07,JOB154,0433,REG,6,WO519,Logistics,Night shift
272,2025-06-04,JOB390,0452,REG,10,WO941,Logistics,Night shift
939,2025-07-31,JOB977,0423,OT,8,WO517,Logistics,Overtime
507,2025-07-01,JOB847,0421,OT,10,WO656,FieldOps,Overtime
550,2025-08-12,JOB119,0476,REG,8,WO284,Logistics,Regular schedule
786,2025-07-08,JOB806,0460,REG,4,WO864,Logistics,Emergency call
197,2025-05-23,JOB518,0445,OT,12,WO193,Maintenance,Night shift
675,2025-07-20,JOB829,0432,REG,10,WO392,Logistics,Weekend work
299,2025-07-24,JOB434,0423,OT,4,WO177,Maintenance,Weekend work
113,2025-06-18,JOB416,0471,REG,8,WO257,Logistics,Regular schedule
340,2025-07-17,JOB405,0491,DT,12,WO529,Maintenance,Weekend work
956,2025-06-05,JOB810,0485,OT,12,WO687,Logistics,Emergency call
484,2025-07-21,JOB451,0477,REG,12,WO454,FieldOps,Weekend work
885,2025-07-05,JOB864,0433,DT,12,WO135,Maintenance,Day shift
309,2025-06-13,JOB332,0417,OT,10,WO851,FieldOps,Emergency call
831,2025-07-24,JOB298,0469,REG,8,WO931,FieldOps,Regular schedule
779,2025-06-18,JOB455,0480,REG,12,WO217,FieldOps,Weekend work
665,2025-06-07,JOB667,0477,OT,4,WO154,Maintenance,Overtime
116,2025-06-04,JOB320,0461,DT,4,WO688,Safety,Regular schedule
120,2025-07-16,JOB195,0415,OT,10,WO280,Logistics,Regular schedule
773,2025-08-06,JOB827,0494,OT,8,WO722,Maintenance,Weekend work
787,2025-06-03,JOB347,0462,DT,4,WO185,FieldOps,Overtime
269,2025-07-18,JOB250,0483,DT,4,WO751,Logistics,Day shift
815,2025-07-30,JOB874,0431,DT,6,WO287,Maintenance,Night shift
445,2025-08-12,JOB579,0404,DT,10,WO658,Safety,Regular schedule
297,2025-06-18,JOB889,0486,DT,8,WO163,Maintenance,Overtime
962,2025-08-14,JOB576,0440,DT,10,WO509,Maintenance,Day shift
826,2025-06-11,JOB367,0461,OT,8,WO837,Logistics,Overtime
671,2025-06-07,JOB456,0451,DT,4,WO972,Logistics,Night shift
138,2025-05-27,JOB558,0407,DT,10,WO715,Logistics,Regular schedule
782,2025-07-06,JOB333,0464,OT,6,WO505,Maintenance,Overtime
729,2025-07-25,JOB973,0496,REG,10,WO131,Safety,Weekend work
336,2025-07-10,JOB416,0401,REG,12,WO607,Maintenance,Night shift
175,2025-08-14,JOB312,0478,OT,4,WO775,Maintenance,Overtime
711,2025-07-21,JOB285,0444,OT,10,WO820,Logistics,Day shift
648,2025-05-27,JOB572,0429,REG,4,WO771,FieldOps,Night shift
870,2025-06-25,JOB995,0457,DT,8,WO792,FieldOps,Night shift
403,2025-07-08,JOB657,0426,OT,10,WO125,Maintenance,Weekend work
231,2025-08-04,JOB110,0440,REG,4,WO450,Logistics,Overtime
383,2025-05-23,JOB616,0475,OT,4,WO543,Safety,Emergency call
715,2025-06-03,JOB824,0403,DT,6,WO559,Logistics,Emergency call
191,2025-06-22,JOB616,0473,DT,8,WO801,Maintenance,Regular schedule
197,2025-06-01,JOB550,0473,DT,6,WO621,Safety,Regular schedule
745,2025-06-23,JOB137,0491,REG,4,WO153,Logistics,Night shift
775,2025-06-27,JOB967,0463,OT,8,WO259,Logistics,Emergency call
814,2025-06-03,JOB419,0423,DT,10,WO157,Maintenance,Weekend work
537,2025-07-14,JOB451,0487,DT,12,WO248,Safety,Night shift
184,2025-06-09,JOB640,0486,DT,12,WO206,Logistics,Night shift
865,2025-08-04,JOB618,0436,DT,6,WO238,FieldOps,Overtime
370,2025-06-17,JOB709,0443,OT,4,WO536,FieldOps,Overtime
125,2025-06-28,JOB935,0431,REG,4,WO528,Logistics,Regular schedule
931,2025-06-03,JOB395,0477,OT,4,WO771,FieldOps,Day shift
904,2025-06-11,JOB705,0452,DT,6,WO639,Logistics,Emergency call
280,2025-08-17,JOB691,0446,DT,8,WO245,FieldOps,Day shift
935,2025-06-11,JOB918,0477,REG,8,WO951,Logistics,Emergency call
169,2025-07-19,JOB613,0436,DT,12,WO330,Maintenance,Day shift
823,2025-07-22,JOB611,0431,OT,6,WO222,Logistics,Regular schedule
990,2025-07-28,JOB265,0447,OT,8,WO668,Logistics,Emergency call
549,2025-08-14,JOB990,0480,DT,10,WO807,Safety,Weekend work
981,2025-06-23,JOB682,0473,OT,4,WO768,Logistics,Overtime
271,2025-05-23,JOB998,0479,DT,8,WO799,Maintenance,Night shift
701,2025-08-16,JOB405,0452,DT,8,WO191,Safety,Regular schedule
879,2025-07-23,JOB332,0461,OT,4,WO827,Safety,Night shift
612,2025-08-17,JOB786,0485,OT,6,WO953,FieldOps,Night shift
410,2025-05-25,JOB131,0458,OT,4,WO461,Logistics,Overtime
885,2025-07-23,JOB731,0418,DT,10,WO179,Safety,Day shift
125,2025-07-14,JOB790,0480,DT,12,WO501,Safety,Weekend work
923,2025-07-20,JOB838,0486,OT,10,WO490,Logistics,Overtime
414,2025-07-11,JOB825,0472,REG,6,WO781,Logistics,Regular schedule
264,2025-07-04,JOB196,0494,REG,6,WO517,Maintenance,Night shift
719,2025-07-10,JOB951,0499,DT,8,WO957,FieldOps,Overtime
522,2025-08-14,JOB379,0475,DT,12,WO874,FieldOps,Overtime
945,2025-05-24,JOB518,0458,DT,12,WO280,Logistics,Emergency call
534,2025-05-30,JOB536,0428,OT,8,WO457,FieldOps,Night shift
931,2025-07-04,JOB171,0486,OT,6,WO538,FieldOps,Overtime
637,2025-06-10,JOB633,0406,REG,10,WO112,FieldOps,Night shift
261,2025-06-07,JOB757,0485,REG,10,WO608,Logistics,Overtime
335,2025-06-29,JOB331,0465,OT,4,WO793,FieldOps,Regular schedule
124,2025-05-26,JOB659,0475,OT,12,WO664,Logistics,Day shift
218,2025-06-18,JOB510,0425,OT,4,WO513,Safety,Emergency call
107,2025-06-22,JOB963,0432,REG,6,WO152,Maintenance,Day shift
355,2025-05-31,JOB552,0465,OT,10,WO276,Maintenance,Emergency call
120,2025-08-17,JOB517,0437,REG,12,WO900,FieldOps,Regular schedule
664,2025-07-25,JOB578,0458,DT,8,WO262,FieldOps,Emergency call
501,2025-07-30,JOB222,0463,OT,4,WO600,Logistics,Emergency call
492,2025-08-14,JOB553,0435,OT,10,WO422,Safety,Overtime
529,2025-05-23,JOB783,0468,DT,6,WO140,FieldOps,Overtime
300,2025-07-24,JOB146,0489,OT,8,WO355,Safety,Overtime
835,2025-06-30,JOB793,0485,REG,8,WO317,Logistics,Night shift
173,2025-08-09,JOB217,0436,REG,4,WO438,Safety,Overtime
903,2025-08-05,JOB944,0483,OT,6,WO600,Safety,Emergency call
651,2025-07-04,JOB140,0450,DT,8,WO701,FieldOps,Emergency call
333,2025-08-08,JOB459,0473,OT,6,WO737,Maintenance,Night shift
544,2025-07-14,JOB660,0480,DT,10,WO283,Logistics,Night shift
153,2025-07-28,JOB233,0415,REG,6,WO463,Safety,Day shift
153,2025-06-10,JOB383,0431,DT,12,WO641,FieldOps,Day shift
886,2025-06-26,JOB552,0423,OT,12,WO900,Logistics,Weekend work
526,2025-08-10,JOB188,0470,REG,12,WO823,Logistics,Night shift
236,2025-08-20,JOB488,0490,DT,4,WO773,FieldOps,Day shift
589,2025-08-14,JOB613,0473,DT,10,WO925,FieldOps,Emergency call
282,2025-07-19,JOB240,0457,REG,8,WO439,Logistics,Overtime
691,2025-07-09,JOB478,0462,REG,10,WO549,Logistics,Night shift
594,2025-06-11,JOB532,0419,REG,12,WO201,Logistics,Emergency call
283,2025-07-14,JOB694,0424,DT,8,WO316,Safety,Overtime
955,2025-06-26,JOB422,0437,REG,6,WO238,Maintenance,Overtime
153,2025-07-07,JOB114,0477,OT,6,WO943,Logistics,Night shift
314,2025-08-13,JOB925,0498,DT,6,WO874,Logistics,Day shift
760,2025-06-03,JOB737,0411,DT,10,WO191,Logistics,Night shift
433,2025-07-13,JOB293,0419,DT,8,WO310,Safety,Weekend work
638,2025-07-04,JOB339,0464,DT,10,WO584,Logistics,Weekend work
946,2025-06-05,JOB918,0452,OT,10,WO672,FieldOps,Day shift
481,2025-06-20,JOB802,0419,DT,10,WO380,Logistics,Regular schedule
712,2025-06-02,JOB850,0401,REG,12,WO762,Maintenance,Weekend work
961,2025-06-19,JOB664,0499,OT,10,WO957,Maintenance,Emergency call
473,2025-05-29,JOB542,0416,DT,12,WO331,FieldOps,Regular schedule
773,2025-07-12,JOB384,0471,DT,10,WO355,FieldOps,Overtime
436,2025-06-29,JOB252,0493,OT,10,WO538,Safety,Day shift
361,2025-06-01,JOB233,0473,DT,4,WO108,Logistics,Day shift
343,2025-06-04,JOB398,0490,REG,4,WO307,Logistics,Regular schedule
487,2025-07-07,JOB772,0471,OT,6,WO695,Safety,Day shift
673,2025-06-07,JOB172,0491,DT,10,WO529,FieldOps,Day shift
304,2025-06-26,JOB314,0499,OT,12,WO123,Logistics,Night shift
217,2025-07-13,JOB841,0443,OT,6,WO230,Safety,Overtime
976,2025-06-29,JOB620,0443,REG,12,WO354,Logistics,Day shift
429,2025-06-28,JOB563,0413,REG,12,WO188,Safety,Weekend work
381,2025-06-27,JOB139,0420,OT,12,WO135,Maintenance,Regular schedule
948,2025-08-14,JOB940,0400,OT,6,WO774,Logistics,Overtime
337,2025-08-17,JOB746,0439,OT,6,WO682,FieldOps,Regular schedule
649,2025-08-12,JOB310,0483,DT,8,WO485,Maintenance,Overtime
936,2025-08-19,JOB449,0425,OT,4,WO719,Safety,Emergency call
458,2025-06-30,JOB243,0401,OT,4,WO449,Maintenance,Day shift
691,2025-06-20,JOB972,0427,DT,8,WO756,FieldOps,Weekend work
643,2025-07-06,JOB223,0486,DT,6,WO768,Maintenance,Emergency call
182,2025-05-27,JOB953,0424,DT,12,WO660,Safety,Night shift
317,2025-06-15,JOB194,0444,OT,8,WO905,Maintenance,Night shift
772,2025-08-12,JOB512,0447,DT,10,WO558,Maintenance,Day shift
574,2025-07-25,JOB711,0440,OT,8,WO815,Logistics,Emergency call
411,2025-06-27,JOB312,0410,DT,6,WO815,Logistics,Regular schedule
979,2025-06-03,JOB234,0488,OT,4,WO877,Safety,Day shift
435,2025-08-20,JOB448,0422,REG,10,WO875,Maintenance,Emergency call
574,2025-05-28,JOB759,0487,OT,10,WO188,Safety,Night shift
416,2025-07-15,JOB285,0497,REG,12,WO217,Safety,Emergency call
344,2025-07-28,JOB295,0448,REG,8,WO683,Safety,Regular schedule
426,2025-06-17,JOB824,0463,REG,6,WO155,Maintenance,Regular schedule
241,2025-07-10,JOB699,0476,DT,10,WO455,Logistics,Night shift
298,2025-07-05,JOB348,0499,REG,10,WO711,Logistics,Emergency call
780,2025-05-28,JOB761,0417,OT,10,WO561,Maintenance,Day shift
608,2025-08-02,JOB275,0479,DT,4,WO639,Safety,Overtime
410,2025-08-14,JOB532,0444,OT,10,WO387,Safety,Weekend work
993,2025-07-28,JOB616,0463,REG,10,WO952,FieldOps,Night shift
970,2025-08-18,JOB735,0434,REG,12,WO584,FieldOps,Weekend work
827,2025-08-05,JOB748,0493,DT,4,WO392,Maintenance,Night shift
523,2025-05-26,JOB336,0444,DT,8,WO298,Safety,Emergency call
723,2025-07-11,JOB912,0442,OT,6,WO365,Maintenance,Night shift
836,2025-08-12,JOB140,0485,REG,12,WO729,Safety,Weekend work
714,2025-08-16,JOB712,0480,OT,8,WO504,Maintenance,Emergency call
697,2025-06-18,JOB911,0458,REG,10,WO950,Logistics,Emergency call
382,2025-08-16,JOB695,0406,OT,8,WO179,Maintenance,Emergency call
654,2025-07-23,JOB331,0483,DT,4,WO956,Safety,Regular schedule
419,2025-06-25,JOB937,0456,DT,12,WO724,Safety,Emergency call
498,2025-08-06,JOB877,0486,DT,10,WO224,FieldOps,Emergency call
741,2025-08-06,JOB110,0443,OT,12,WO820,Safety,Emergency call
372,2025-06-10,JOB578,0438,DT,12,WO202,Safety,Regular schedule
654,2025-05-30,JOB837,0439,REG,6,WO584,Logistics,Regular schedule
924,2025-05-28,JOB492,0494,OT,10,WO773,Safety,Overtime
262,2025-08-13,JOB160,0421,DT,12,WO779,Logistics,Overtime
893,2025-08-07,JOB138,0410,DT,4,WO194,Safety,Weekend work
566,2025-06-08,JOB981,0499,OT,8,WO997,Logistics,Emergency call
735,2025-06-29,JOB681,0417,OT,10,WO538,Maintenance,Day shift
597,2025-06-13,JOB537,0466,DT,4,WO792,Safety,Weekend work
589,2025-07-14,JOB472,0457,DT,6,WO764,Maintenance,Emergency call
519,2025-06-05,JOB532,0456,OT,10,WO245,FieldOps,Regular schedule
456,2025-07-10,JOB334,0466,REG,12,WO372,Logistics,Day shift
893,2025-05-31,JOB636,0493,DT,12,WO559,FieldOps,Regular schedule
478,2025-07-27,JOB590,0419,OT,10,WO999,Maintenance,Day shift
749,2025-08-07,JOB678,0403,OT,4,WO714,Logistics,Weekend work
815,2025-06-12,JOB941,0416,REG,10,WO462,Logistics,Weekend work
580,2025-07-01,JOB301,0409,DT,12,WO239,FieldOps,Night shift
373,2025-07-09,JOB138,0495,OT,10,WO760,Safety,Weekend work
880,2025-06-07,JOB244,0460,DT,4,WO863,Logistics,Weekend work
647,2025-06-11,JOB691,0411,REG,8,WO863,Maintenance,Night shift
301,2025-05-30,JOB156,0435,REG,6,WO999,FieldOps,Weekend work
275,2025-05-27,JOB113,0411,REG,10,WO220,Maintenance,Weekend work
257,2025-08-02,JOB655,0448,OT,10,WO306,Maintenance,Weekend work
451,2025-07-28,JOB907,0455,OT,12,WO852,Logistics,Night shift
964,2025-07-30,JOB844,0442,DT,8,WO523,FieldOps,Emergency call
178,2025-07-27,JOB400,0404,OT,10,WO738,Safety,Emergency call
486,2025-08-11,JOB617,0496,DT,12,WO814,Maintenance,Day shift
552,2025-07-05,JOB939,0495,OT,12,WO394,Maintenance,Weekend work
465,2025-07-31,JOB552,0486,DT,4,WO218,Logistics,Weekend work
791,2025-06-05,JOB891,0417,OT,4,WO125,FieldOps,Emergency call
544,2025-06-29,JOB398,0497,OT,6,WO378,Safety,Night shift
519,2025-08-03,JOB932,0498,REG,10,WO420,FieldOps,Overtime
653,2025-07-16,JOB783,0408,OT,4,WO278,FieldOps,Emergency call
690,2025-06-26,JOB356,0411,REG,8,WO627,Logistics,Regular schedule
752,2025-08-03,JOB917,0498,OT,4,WO817,Safety,Emergency call
876,2025-07-25,JOB316,0466,REG,10,WO964,Safety,Weekend work
960,2025-05-28,JOB548,0409,OT,4,WO300,Logistics,Regular schedule
224,2025-05-28,JOB656,0465,REG,8,WO100,Safety,Emergency call
299,2025-08-18,JOB135,0472,DT,6,WO553,FieldOps,Weekend work
137,2025-08-15,JOB354,0484,REG,10,WO396,Logistics,Overtime
261,2025-08-02,JOB549,0465,OT,12,WO743,Maintenance,Weekend work
159,2025-07-15,JOB932,0490,OT,6,WO769,Maintenance,Emergency call
925,2025-06-28,JOB716,0483,OT,8,WO892,Logistics,Overtime
836,2025-06-30,JOB645,0455,REG,10,WO937,FieldOps,Overtime
215,2025-06-22,JOB636,0417,REG,6,WO358,Maintenance,Regular schedule
612,2025-05-30,JOB644,0479,OT,12,WO848,FieldOps,Night shift
634,2025-06-16,JOB588,0470,OT,6,WO873,Maintenance,Emergency call
566,2025-07-07,JOB247,0410,OT,12,WO134,Maintenance,Emergency call
561,2025-06-29,JOB245,0465,REG,6,WO650,Safety,Emergency call
123,2025-08-05,JOB781,0433,REG,4,WO726,Safety,Night shift
157,2025-08-05,JOB238,0447,OT,4,WO718,FieldOps,Emergency call
779,2025-07-21,JOB286,0456,OT,10,WO421,FieldOps,Weekend work
970,2025-06-23,JOB380,0475,OT,10,WO109,Safety,Regular schedule
329,2025-07-24,JOB304,0463,REG,12,WO579,Safety,Weekend work
824,2025-08-01,JOB420,0401,DT,10,WO690,Safety,Overtime
347,2025-08-08,JOB992,0481,DT,6,WO497,Logistics,Overtime
285,2025-07-22,JOB368,0459,DT,12,WO166,Logistics,Emergency call
387,2025-08-03,JOB127,0426,REG,6,WO551,Logistics,Day shift
148,2025-06-08,JOB121,0401,OT,4,WO625,Safety,Emergency call
411,2025-06-30,JOB778,0492,OT,8,WO449,Safety,Emergency call
557,2025-07-24,JOB249,0430,DT,8,WO767,Safety,Emergency call
530,2025-06-22,JOB448,0490,REG,8,WO141,FieldOps,Overtime
734,2025-07-25,JOB594,0486,DT,6,WO764,Safety,Night shift
774,2025-06-01,JOB217,0493,DT,8,WO627,Logistics,Overtime
822,2025-07-27,JOB812,0485,OT,10,WO452,Maintenance,Emergency call
330,2025-08-18,JOB174,0439,OT,4,WO862,FieldOps,Day shift
144,2025-06-16,JOB764,0426,DT,6,WO220,Maintenance,Regular schedule
190,2025-08-18,JOB556,0418,REG,10,WO962,FieldOps,Overtime
276,2025-07-22,JOB332,0421,REG,6,WO752,Safety,Night shift
927,2025-06-25,JOB566,0416,DT,10,WO978,FieldOps,Regular schedule
449,2025-05-30,JOB219,0412,OT,4,WO274,FieldOps,Emergency call
459,2025-06-26,JOB392,0474,DT,4,WO935,Logistics,Night shift
767,2025-07-08,JOB653,0458,DT,8,WO177,FieldOps,Overtime
468,2025-05-26,JOB747,0483,REG,4,WO233,Maintenance,Weekend work
835,2025-07-22,JOB682,0473,DT,6,WO565,Safety,Day shift
774,2025-07-05,JOB607,0491,DT,4,WO722,Maintenance,Night shift
685,2025-06-06,JOB449,0443,OT,10,WO590,Maintenance,Emergency call
695,2025-07-12,JOB948,0463,OT,4,WO244,FieldOps,Overtime
812,2025-05-27,JOB700,0406,OT,12,WO159,FieldOps,Overtime
685,2025-06-16,JOB238,0425,DT,10,WO985,Logistics,Regular schedule
642,2025-08-02,JOB311,0402,REG,6,WO250,Maintenance,Night shift
470,2025-05-29,JOB474,0470,OT,6,WO208,Maintenance,Emergency call
759,2025-08-19,JOB589,0429,DT,8,WO585,FieldOps,Weekend work
574,2025-07-19,JOB296,0457,OT,6,WO617,Maintenance,Overtime
348,2025-06-11,JOB409,0457,OT,6,WO139,FieldOps,Day shift
264,2025-07-09,JOB634,0427,DT,4,WO746,Logistics,Overtime
205,2025-07-22,JOB687,0493,REG,8,WO423,FieldOps,Regular schedule
167,2025-06-12,JOB868,0409,OT,6,WO873,FieldOps,Regular schedule
890,2025-06-13,JOB184,0445,OT,12,WO943,Maintenance,Regular schedule
316,2025-05-29,JOB942,0421,REG,12,WO787,Maintenance,Emergency call
491,2025-05-30,JOB668,0454,DT,12,WO457,Safety,Emergency call
437,2025-08-06,JOB196,0406,DT,10,WO622,FieldOps,Weekend work
422,2025-08-04,JOB715,0487,REG,4,WO142,Safety,Emergency call
876,2025-08-11,JOB401,0430,DT,8,WO685,Safety,Overtime
879,2025-08-01,JOB802,0478,OT,8,WO770,Safety,Night shift
893,2025-08-01,JOB465,0466,OT,4,WO486,Logistics,Overtime
875,2025-06-28,JOB830,0412,REG,10,WO591,Safety,Day shift
993,2025-06-17,JOB469,0467,OT,12,WO998,FieldOps,Night shift
668,2025-07-20,JOB903,0402,OT,8,WO545,Logistics,Weekend work
401,2025-06-25,JOB306,0468,OT,8,WO118,Logistics,Weekend work
909,2025-08-17,JOB738,0451,DT,10,WO989,Maintenance,Day shift
894,2025-08-01,JOB757,0429,OT,10,WO118,Logistics,Emergency call
422,2025-08-18,JOB154,0466,REG,6,WO839,Logistics,Regular schedule
408,2025-07-30,JOB463,0497,REG,4,WO939,FieldOps,Emergency call
143,2025-06-03,JOB843,0431,DT,8,WO496,Maintenance,Night shift
632,2025-07-03,JOB775,0462,REG,10,WO603,Maintenance,Emergency call
591,2025-08-01,JOB642,0457,DT,4,WO447,Maintenance,Day shift
902,2025-08-03,JOB630,0412,REG,4,WO126,Maintenance,Day shift
674,2025-06-30,JOB525,0402,REG,8,WO781,Logistics,Night shift
202,2025-05-24,JOB952,0440,REG,10,WO367,FieldOps,Overtime
997,2025-07-24,JOB239,0457,REG,6,WO104,Safety,Weekend work
130,2025-06-26,JOB672,0442,REG,12,WO563,FieldOps,Overtime
657,2025-08-01,JOB761,0474,OT,12,WO672,Logistics,Weekend work
833,2025-06-09,JOB226,0446,OT,6,WO803,Maintenance,Regular schedule
405,2025-07-09,JOB106,0472,OT,12,WO137,Maintenance,Emergency call
977,2025-07-30,JOB583,0436,OT,10,WO168,FieldOps,Emergency call
588,2025-08-04,JOB565,0453,OT,6,WO286,Safety,Night shift
430,2025-06-13,JOB516,0423,DT,10,WO154,Safety,Overtime
566,2025-06-02,JOB690,0468,OT,6,WO985,Safety,Regular schedule
654,2025-08-12,JOB194,0450,DT,6,WO666,Safety,Night shift
558,2025-07-31,JOB153,0429,DT,6,WO853,Safety,Day shift
710,2025-07-21,JOB693,0446,DT,8,WO762,FieldOps,Night shift
845,2025-06-14,JOB274,0468,REG,8,WO326,Maintenance,Night shift
500,2025-08-18,JOB786,0429,OT,12,WO559,Safety,Weekend work
928,2025-07-09,JOB642,0439,DT,10,WO866,Logistics,Day shift
719,2025-06-12,JOB925,0409,OT,8,WO991,FieldOps,Day shift
571,2025-07-25,JOB320,0466,DT,8,WO875,Logistics,Overtime
636,2025-06-04,JOB788,0440,OT,12,WO219,Safety,Night shift
920,2025-06-26,JOB372,0479,DT,12,WO778,Maintenance,Overtime
659,2025-07-14,JOB337,0490,DT,6,WO443,Safety,Overtime
847,2025-08-04,JOB711,0456,DT,6,WO130,Maintenance,Emergency call
431,2025-08-04,JOB528,0429,DT,4,WO172,FieldOps,Regular schedule
852,2025-07-09,JOB144,0495,REG,8,WO776,FieldOps,Emergency call
539,2025-08-05,JOB849,0453,DT,6,WO533,Safety,Weekend work
505,2025-07-11,JOB317,0423,OT,6,WO481,FieldOps,Weekend work
161,2025-06-03,JOB316,0446,DT,8,WO762,Logistics,Weekend work
700,2025-08-19,JOB262,0495,OT,6,WO820,Logistics,Overtime
345,2025-06-06,JOB244,0415,REG,8,WO167,Safety,Day shift
898,2025-06-23,JOB606,0470,OT,6,WO893,FieldOps,Emergency call
274,2025-06-12,JOB590,0464,DT,8,WO689,Safety,Weekend work
727,2025-06-17,JOB581,0418,OT,4,WO905,Maintenance,Emergency call
925,2025-06-04,JOB106,0455,REG,10,WO652,FieldOps,Day shift
800,2025-06-04,JOB414,0401,OT,6,WO617,Safety,Day shift
100,2025-06-12,JOB880,0492,REG,8,WO990,Maintenance,Weekend work
150,2025-05-28,JOB335,0473,OT,10,WO342,Logistics,Weekend work
799,2025-08-01,JOB700,0402,REG,12,WO406,Logistics,Day shift
486,2025-08-19,JOB256,0434,DT,6,WO884,Safety,Day shift
206,2025-07-22,JOB182,0409,DT,10,WO637,Maintenance,Weekend work
357,2025-08-10,JOB127,0459,DT,8,WO220,Safety,Weekend work
619,2025-07-02,JOB562,0428,DT,8,WO347,Logistics,Night shift
816,2025-06-11,JOB376,0470,DT,12,WO458,FieldOps,Regular schedule
372,2025-05-28,JOB352,0490,REG,12,WO428,Safety,Regular schedule
804,2025-07-02,JOB513,0479,REG,4,WO645,Maintenance,Emergency call
428,2025-08-20,JOB611,0475,DT,6,WO647,Maintenance,Regular schedule
891,2025-08-09,JOB660,0487,DT,12,WO258,Logistics,Night shift
418,2025-05-26,JOB131,0472,DT,4,WO119,FieldOps,Day shift
873,2025-07-31,JOB984,0426,DT,10,WO694,Safety,Emergency call
180,2025-06-16,JOB174,0442,OT,10,WO928,Maintenance,Overtime
533,2025-06-01,JOB829,0465,REG,10,WO523,Maintenance,Weekend work
129,2025-07-11,JOB534,0408,REG,6,WO376,Logistics,Emergency call
934,2025-05-29,JOB606,0432,DT,4,WO292,Safety,Emergency call
533,2025-07-15,JOB496,0436,OT,6,WO523,FieldOps,Emergency call
214,2025-07-31,JOB207,0475,DT,4,WO860,FieldOps,Night shift
116,2025-06-28,JOB302,0447,REG,8,WO111,Logistics,Emergency call
258,2025-07-02,JOB190,0424,OT,8,WO121,FieldOps,Overtime
641,2025-07-01,JOB739,0469,REG,10,WO544,Logistics,Night shift
343,2025-08-12,JOB858,0403,DT,4,WO628,FieldOps,Night shift
344,2025-06-12,JOB954,0414,REG,4,WO309,Safety,Day shift
254,2025-07-12,JOB435,0487,REG,6,WO952,Maintenance,Night shift
833,2025-08-15,JOB298,0496,OT,8,WO621,Maintenance,Overtime
793,2025-06-22,JOB412,0448,DT,8,WO275,Logistics,Day shift
911,2025-07-23,JOB724,0438,REG,4,WO550,Maintenance,Overtime
534,2025-06-05,JOB148,0411,REG,6,WO113,Logistics,Emergency call
961,2025-07-31,JOB297,0423,REG,4,WO278,FieldOps,Night shift
652,2025-07-11,JOB264,0488,REG,8,WO666,Safety,Night shift
479,2025-06-18,JOB212,0437,REG,6,WO885,Logistics,Day shift
929,2025-08-08,JOB233,0483,REG,10,WO510,FieldOps,Regular schedule
782,2025-06-09,JOB300,0419,REG,10,WO969,Logistics,Night shift
536,2025-06-03,JOB566,0483,REG,8,WO490,Logistics,Emergency call
712,2025-06-17,JOB629,0459,DT,8,WO115,Safety,Night shift
285,2025-08-19,JOB766,0418,DT,12,WO938,FieldOps,Overtime
158,2025-06-10,JOB570,0417,DT,4,WO120,Maintenance,Day shift
382,2025-06-30,JOB326,0408,OT,10,WO555,Safety,Weekend work
774,2025-07-09,JOB543,0420,REG,4,WO814,Logistics,Emergency call
781,2025-07-01,JOB994,0423,DT,6,WO297,Maintenance,Weekend work
164,2025-08-18,JOB323,0415,REG,12,WO682,Logistics,Day shift
294,2025-05-27,JOB598,0461,DT,10,WO506,Logistics,Regular schedule
826,2025-07-09,JOB751,0479,OT,6,WO585,Maintenance,Regular schedule
693,2025-07-22,JOB219,0443,OT,10,WO380,Safety,Weekend work
747,2025-06-09,JOB829,0483,REG,8,WO384,Logistics,Night shift
169,2025-08-08,JOB847,0487,DT,4,WO361,Logistics,Day shift
849,2025-07-13,JOB225,0481,REG,6,WO730,Maintenance,Overtime
819,2025-06-16,JOB513,0438,DT,12,WO383,Logistics,Day shift
522,2025-06-11,JOB128,0468,OT,8,WO132,Maintenance,Day shift
280,2025-08-04,JOB259,0457,DT,12,WO665,Logistics,Weekend work
285,2025-05-24,JOB730,0447,REG,4,WO294,Safety,Overtime
161,2025-07-18,JOB968,0416,REG,6,WO697,Logistics,Regular schedule
929,2025-06-14,JOB548,0437,REG,8,WO434,Logistics,Regular schedule
204,2025-08-18,JOB123,0406,OT,12,WO461,Safety,Overtime
508,2025-07-15,JOB374,0444,REG,6,WO356,FieldOps,Overtime
422,2025-07-07,JOB420,0437,REG,4,WO902,Logistics,Regular schedule
570,2025-06-11,JOB457,0413,OT,12,WO987,Maintenance,Overtime
572,2025-08-17,JOB886,0420,OT,8,WO215,FieldOps,Overtime
967,2025-06-02,JOB499,0461,REG,4,WO875,Logistics,Weekend work
601,2025-06-21,JOB965,0435,DT,4,WO680,Logistics,Overtime
110,2025-07-14,JOB539,0494,OT,6,WO315,Logistics,Day shift
554,2025-07-08,JOB438,0457,DT,10,WO422,Logistics,Emergency call
842,2025-07-28,JOB343,0439,REG,10,WO318,FieldOps,Emergency call
804,2025-06-23,JOB104,0449,DT,4,WO443,Logistics,Emergency call
726,2025-07-24,JOB302,0418,REG,12,WO985,Maintenance,Regular schedule
186,2025-07-17,JOB784,0437,REG,12,WO976,Logistics,Overtime
483,2025-06-26,JOB721,0410,REG,8,WO215,Maintenance,Emergency call
222,2025-07-13,JOB555,0425,DT,4,WO589,Safety,Day shift
320,2025-07-27,JOB707,0449,REG,6,WO963,Logistics,Weekend work
495,2025-07-02,JOB801,0426,DT,4,WO517,Maintenance,Day shift
389,2025-08-08,JOB574,0445,REG,6,WO203,Maintenance,Day shift
764,2025-05-31,JOB728,0413,DT,12,WO907,Maintenance,Emergency call
449,2025-05-30,JOB379,0462,OT,6,WO823,Maintenance,Day shift
625,2025-07-15,JOB659,0476,REG,10,WO534,FieldOps,Weekend work
341,2025-06-18,JOB494,0457,OT,8,WO569,FieldOps,Regular schedule
804,2025-05-27,JOB803,0462,OT,6,WO389,FieldOps,Emergency call
265,2025-07-02,JOB366,0475,REG,6,WO889,FieldOps,Emergency call
672,2025-06-17,JOB405,0400,DT,4,WO571,Safety,Emergency call
160,2025-06-11,JOB908,0459,OT,12,WO855,Maintenance,Overtime
803,2025-06-13,JOB181,0494,REG,4,WO878,FieldOps,Emergency call
555,2025-05-23,JOB807,0455,OT,8,WO187,FieldOps,Overtime
642,2025-05-25,JOB357,0400,REG,10,WO489,Logistics,Emergency call
246,2025-06-24,JOB901,0428,DT,12,WO710,Maintenance,Overtime
904,2025-07-19,JOB893,0485,OT,10,WO469,FieldOps,Regular schedule
745,2025-08-08,JOB724,0420,DT,4,WO462,Safety,Emergency call
825,2025-05-29,JOB759,0474,REG,6,WO574,Maintenance,Weekend work
948,2025-05-25,JOB523,0497,REG,12,WO579,Safety,Weekend work
689,2025-07-24,JOB451,0406,REG,8,WO220,Maintenance,Regular schedule
555,2025-06-11,JOB555,0493,DT,12,WO561,Maintenance,Night shift
881,2025-07-06,JOB809,0414,DT,12,WO171,Logistics,Regular schedule
834,2025-08-17,JOB964,0410,DT,8,WO570,FieldOps,Weekend work
637,2025-07-09,JOB416,0465,OT,4,WO329,Safety,Overtime
754,2025-08-07,JOB221,0441,REG,8,WO236,FieldOps,Overtime
204,2025-07-29,JOB144,0417,DT,6,WO113,Maintenance,Emergency call
203,2025-07-11,JOB573,0420,DT,4,WO616,Logistics,Night shift
641,2025-06-08,JOB354,0408,OT,4,WO347,Safety,Regular schedule
166,2025-08-04,JOB998,0486,REG,12,WO448,FieldOps,Overtime
390,2025-07-18,JOB922,0491,OT,12,WO494,Safety,Emergency call
844,2025-05-25,JOB527,0446,REG,12,WO377,Logistics,Emergency call
450,2025-06-28,JOB284,0486,OT,12,WO732,Safety,Overtime
211,2025-07-12,JOB357,0491,OT,12,WO413,FieldOps,Emergency call
186,2025-06-25,JOB463,0436,DT,4,WO577,Safety,Overtime
933,2025-07-27,JOB210,0441,REG,12,WO268,Maintenance,Night shift
312,2025-06-05,JOB788,0465,OT,10,WO472,Safety,Overtime
766,2025-07-04,JOB188,0447,DT,12,WO599,Logistics,Night shift
233,2025-08-13,JOB622,0476,REG,12,WO925,FieldOps,Weekend work
712,2025-08-01,JOB956,0474,REG,4,WO281,Maintenance,Regular schedule
556,2025-07-29,JOB573,0476,OT,12,WO751,Safety,Overtime
466,2025-05-23,JOB325,0438,DT,12,WO160,Safety,Regular schedule
151,2025-06-21,JOB720,0437,OT,12,WO320,Safety,Emergency call
504,2025-08-07,JOB126,0462,DT,8,WO228,Logistics,Day shift
255,2025-06-08,JOB599,0497,OT,8,WO651,Maintenance,Emergency call
705,2025-06-08,JOB564,0427,REG,4,WO684,Maintenance,Night shift
956,2025-06-17,JOB581,0490,DT,6,WO562,Safety,Overtime
242,2025-07-24,JOB416,0469,OT,8,WO208,FieldOps,Emergency call
771,2025-06-10,JOB961,0474,DT,10,WO803,Safety,Emergency call
552,2025-06-09,JOB414,0486,DT,8,WO783,Safety,Day shift
141,2025-07-28,JOB998,0495,REG,4,WO131,Maintenance,Regular schedule
701,2025-08-15,JOB773,0437,OT,10,WO407,Maintenance,Night shift
421,2025-08-16,JOB653,0488,DT,8,WO416,Maintenance,Night shift
301,2025-07-24,JOB749,0464,DT,10,WO677,FieldOps,Emergency call
493,2025-06-23,JOB271,0480,REG,12,WO922,FieldOps,Emergency call
219,2025-06-01,JOB850,0460,DT,10,WO675,FieldOps,Night shift
912,2025-08-04,JOB919,0419,REG,4,WO814,FieldOps,Emergency call
394,2025-06-20,JOB943,0409,OT,6,WO259,Safety,Day shift
170,2025-06-11,JOB506,0453,OT,8,WO986,FieldOps,Weekend work
512,2025-07-31,JOB328,0412,OT,12,WO762,FieldOps,Night shift
398,2025-06-05,JOB677,0446,DT,8,WO739,Logistics,Emergency call
429,2025-06-04,JOB649,0458,REG,6,WO942,FieldOps,Regular schedule
672,2025-07-19,JOB610,0487,REG,8,WO304,Safety,Weekend work
873,2025-08-20,JOB493,0435,DT,12,WO654,FieldOps,Weekend work
843,2025-06-10,JOB504,0450,OT,4,WO374,FieldOps,Day shift
243,2025-08-05,JOB313,0423,REG,10,WO120,Logistics,Emergency call
271,2025-08-05,JOB708,0464,REG,8,WO790,Safety,Emergency call
905,2025-06-06,JOB436,0486,DT,10,WO929,FieldOps,Regular schedule
365,2025-08-01,JOB251,0476,DT,6,WO228,Safety,Weekend work
597,2025-08-10,JOB700,0462,DT,6,WO804,Logistics,Day shift
271,2025-07-12,JOB944,0464,REG,8,WO569,Maintenance,Day shift
538,2025-07-17,JOB926,0407,REG,8,WO522,Safety,Regular schedule
102,2025-07-27,JOB286,0487,DT,6,WO320,Logistics,Day shift
203,2025-06-03,JOB568,0444,REG,12,WO298,Safety,Emergency call
474,2025-08-08,JOB353,0495,DT,10,WO987,FieldOps,Weekend work
482,2025-08-07,JOB310,0488,OT,12,WO620,Logistics,Regular schedule
468,2025-07-28,JOB133,0480,REG,10,WO938,FieldOps,Regular schedule
888,2025-06-11,JOB281,0412,DT,8,WO255,FieldOps,Weekend work
606,2025-07-17,JOB600,0448,OT,12,WO164,Logistics,Night shift
320,2025-07-12,JOB495,0413,REG,8,WO487,Safety,Overtime
160,2025-06-20,JOB323,0407,DT,8,WO488,Maintenance,Overtime
410,2025-07-13,JOB439,0484,REG,10,WO305,Logistics,Night shift
377,2025-08-05,JOB926,0441,DT,6,WO585,Logistics,Regular schedule
630,2025-08-01,JOB604,0468,OT,10,WO892,FieldOps,Emergency call
570,2025-08-02,JOB736,0475,OT,4,WO809,Maintenance,Regular schedule
230,2025-06-11,JOB480,0442,REG,8,WO691,FieldOps,Regular schedule
803,2025-06-09,JOB197,0480,REG,12,WO824,Safety,Weekend work
812,2025-08-20,JOB342,0488,OT,4,WO596,FieldOps,Overtime
466,2025-08-08,JOB935,0480,DT,4,WO510,Maintenance,Emergency call
153,2025-07-07,JOB909,0413,REG,10,WO579,Maintenance,Regular schedule
386,2025-08-18,JOB350,0446,DT,8,WO408,Maintenance,Weekend work
127,2025-06-23,JOB146,0402,REG,6,WO326,Logistics,Emergency call
116,2025-08-16,JOB854,0459,DT,10,WO274,Logistics,Regular schedule
398,2025-06-22,JOB709,0489,DT,10,WO279,Logistics,Emergency call
891,2025-07-22,JOB183,0430,DT,6,WO454,Safety,Overtime
262,2025-06-07,JOB431,0457,OT,4,WO540,Logistics,Emergency call
971,2025-08-10,JOB344,0464,DT,12,WO495,Safety,Night shift
543,2025-08-14,JOB281,0448,OT,4,WO179,Safety,Emergency call
858,2025-06-11,JOB976,0495,REG,8,WO851,Logistics,Night shift
274,2025-06-27,JOB629,0410,OT,4,WO584,FieldOps,Weekend work
506,2025-07-23,JOB879,0441,DT,8,WO905,Maintenance,Emergency call
657,2025-06-30,JOB926,0461,DT,6,WO638,Safety,Day shift
269,2025-06-16,JOB342,0425,DT,6,WO843,Safety,Overtime
307,2025-07-06,JOB784,0459,REG,6,WO714,Logistics,Overtime
745,2025-07-15,JOB936,0442,OT,8,WO707,Safety,Night shift
228,2025-08-16,JOB846,0428,REG,12,WO880,Safety,Emergency call
332,2025-07-05,JOB560,0457,OT,4,WO139,FieldOps,Regular schedule
747,2025-08-01,JOB385,0425,REG,4,WO431,FieldOps,Regular schedule
924,2025-07-03,JOB185,0454,OT,12,WO834,FieldOps,Weekend work
951,2025-07-09,JOB373,0418,REG,10,WO165,FieldOps,Weekend work
592,2025-07-24,JOB304,0481,REG,4,WO705,FieldOps,Emergency call
960,2025-05-28,JOB787,0471,DT,12,WO428,Safety,Regular schedule
369,2025-07-11,JOB701,0456,DT,8,WO575,FieldOps,Weekend work
525,2025-08-15,JOB320,0459,OT,4,WO212,Maintenance,Overtime
109,2025-08-04,JOB383,0488,DT,4,WO443,Logistics,Day shift
969,2025-08-11,JOB528,0465,DT,4,WO181,Safety,Emergency call
242,2025-08-06,JOB908,0473,REG,4,WO199,Logistics,Day shift
134,2025-07-19,JOB991,0432,REG,6,WO768,FieldOps,Weekend work
603,2025-07-02,JOB674,0482,REG,4,WO225,Safety,Overtime
392,2025-08-05,JOB934,0427,DT,4,WO928,FieldOps,Night shift
814,2025-07-23,JOB346,0436,REG,6,WO125,Safety,Night shift
868,2025-07-27,JOB294,0418,REG,8,WO444,FieldOps,Day shift
973,2025-07-14,JOB242,0480,OT,12,WO255,Logistics,Overtime
517,2025-08-07,JOB183,0441,REG,10,WO556,Logistics,Day shift
509,2025-07-05,JOB762,0461,DT,6,WO471,Logistics,Overtime
487,2025-05-27,JOB831,0400,OT,12,WO979,Logistics,Emergency call
965,2025-07-26,JOB308,0497,REG,6,WO438,Safety,Night shift
302,2025-08-01,JOB793,0484,DT,4,WO602,FieldOps,Emergency call
856,2025-08-11,JOB256,0416,OT,8,WO928,Logistics,Overtime
537,2025-06-03,JOB730,0466,REG,4,WO440,Maintenance,Regular schedule
828,2025-08-05,JOB637,0415,OT,4,WO168,FieldOps,Overtime
838,2025-06-24,JOB797,0453,OT,8,WO308,FieldOps,Night shift
588,2025-06-05,JOB853,0408,DT,6,WO311,FieldOps,Day shift
574,2025-07-10,JOB475,0431,REG,6,WO796,Safety,Night shift
665,2025-07-16,JOB704,0428,DT,12,WO498,Safety,Night shift
840,2025-06-21,JOB825,0481,DT,6,WO738,Safety,Regular schedule
817,2025-07-25,JOB661,0409,DT,12,WO645,Safety,Night shift
364,2025-07-24,JOB683,0454,OT,8,WO841,Safety,Regular schedule
634,2025-06-27,JOB291,0494,DT,8,WO413,Maintenance,Overtime
644,2025-06-14,JOB427,0467,DT,4,WO919,Maintenance,Regular schedule
383,2025-07-25,JOB270,0467,OT,6,WO720,Maintenance,Regular schedule
875,2025-07-17,JOB473,0428,REG,6,WO384,FieldOps,Emergency call
277,2025-07-05,JOB947,0408,REG,4,WO586,Logistics,Night shift
210,2025-07-19,JOB992,0472,REG,8,WO236,FieldOps,Regular schedule
470,2025-06-05,JOB899,0417,REG,8,WO336,Safety,Overtime
987,2025-07-11,JOB672,0450,REG,4,WO302,Maintenance,Day shift
685,2025-07-09,JOB315,0440,DT,6,WO430,Maintenance,Day shift
819,2025-07-28,JOB678,0441,OT,12,WO663,Maintenance,Weekend work
352,2025-07-25,JOB840,0478,DT,8,WO385,Logistics,Day shift
659,2025-08-07,JOB287,0478,OT,12,WO924,Safety,Regular schedule
983,2025-06-05,JOB522,0459,OT,8,WO354,FieldOps,Weekend work
648,2025-06-13,JOB349,0445,REG,8,WO443,FieldOps,Night shift
653,2025-06-02,JOB341,0416,DT,8,WO608,Logistics,Regular schedule
381,2025-06-11,JOB219,0476,OT,10,WO852,Logistics,Overtime
822,2025-08-16,JOB837,0443,REG,4,WO574,FieldOps,Day shift
609,2025-08-20,JOB509,0478,REG,8,WO694,FieldOps,Regular schedule
227,2025-06-16,JOB239,0460,OT,12,WO837,Maintenance,Emergency call
160,2025-06-01,JOB544,0443,OT,10,WO694,FieldOps,Weekend work
626,2025-06-19,JOB249,0432,OT,10,WO691,Safety,Night shift
445,2025-06-12,JOB761,0439,OT,12,WO509,Logistics,Night shift
932,2025-06-02,JOB640,0455,OT,6,WO936,Logistics,Day shift
629,2025-07-06,JOB344,0468,OT,6,WO154,Maintenance,Emergency call
198,2025-06-19,JOB199,0440,REG,4,WO711,FieldOps,Day shift
470,2025-08-19,JOB729,0433,OT,10,WO923,FieldOps,Night shift
739,2025-07-29,JOB243,0451,DT,10,WO435,FieldOps,Overtime
920,2025-07-13,JOB396,0499,OT,12,WO652,FieldOps,Overtime
485,2025-06-02,JOB916,0431,DT,8,WO111,Safety,Weekend work
489,2025-05-31,JOB318,0490,OT,4,WO746,Safety,Overtime
249,2025-05-30,JOB166,0444,OT,12,WO686,FieldOps,Day shift
403,2025-06-29,JOB253,0405,DT,10,WO846,Maintenance,Day shift
226,2025-07-05,JOB286,0438,REG,8,WO100,FieldOps,Day shift
772,2025-08-16,JOB817,0457,DT,8,WO491,Logistics,Weekend work
515,2025-06-03,JOB110,0461,DT,4,WO464,Maintenance,Day shift
106,2025-06-15,JOB700,0462,REG,8,WO869,Safety,Overtime
223,2025-06-18,JOB280,0421,OT,4,WO612,Safety,Weekend work
948,2025-06-28,JOB920,0449,DT,6,WO438,Logistics,Night shift
804,2025-05-29,JOB616,0400,DT,12,WO919,Maintenance,Night shift
679,2025-07-07,JOB623,0485,OT,10,WO350,FieldOps,Regular schedule
580,2025-08-19,JOB227,0441,REG,12,WO389,Safety,Day shift
431,2025-07-06,JOB234,0415,OT,10,WO930,Safety,Overtime
274,2025-08-16,JOB461,0405,REG,4,WO237,FieldOps,Night shift
945,2025-05-27,JOB781,0474,OT,4,WO880,FieldOps,Overtime
777,2025-06-11,JOB988,0429,DT,4,WO212,Safety,Day shift
707,2025-08-19,JOB244,0484,REG,12,WO862,Logistics,Emergency call
948,2025-07-17,JOB340,0423,OT,4,WO637,FieldOps,Overtime
289,2025-06-22,JOB262,0437,OT,12,WO923,Safety,Overtime
880,2025-07-06,JOB801,0448,DT,10,WO702,Maintenance,Emergency call
806,2025-07-12,JOB306,0404,OT,4,WO539,Safety,Regular schedule
760,2025-08-09,JOB981,0496,DT,6,WO723,Safety,Emergency call
115,2025-08-07,JOB750,0448,DT,4,WO619,Maintenance,Weekend work
201,2025-08-13,JOB392,0430,REG,4,WO547,Safety,Regular schedule
745,2025-07-04,JOB316,0437,REG,10,WO874,Logistics,Night shift
799,2025-07-06,JOB490,0479,REG,6,WO257,Maintenance,Overtime
295,2025-05-26,JOB320,0429,OT,12,WO630,FieldOps,Night shift
840,2025-08-17,JOB216,0484,DT,12,WO850,Logistics,Day shift
879,2025-07-27,JOB311,0427,OT,4,WO438,Safety,Emergency call
975,2025-07-27,JOB447,0404,OT,10,WO411,Safety,Overtime
936,2025-07-31,JOB454,0402,DT,12,WO625,FieldOps,Emergency call
976,2025-07-08,JOB582,0443,DT,6,WO573,Safety,Night shift
960,2025-07-06,JOB309,0489,DT,6,WO136,FieldOps,Emergency call
937,2025-06-22,JOB133,0489,REG,4,WO622,FieldOps,Regular schedule
914,2025-07-12,JOB541,0457,REG,6,WO254,Safety,Overtime
374,2025-06-01,JOB701,0464,REG,10,WO203,Safety,Overtime
587,2025-07-23,JOB362,0433,OT,10,WO671,Logistics,Regular schedule
374,2025-06-20,JOB355,0475,REG,12,WO876,Maintenance,Night shift
960,2025-08-18,JOB870,0496,REG,12,WO447,FieldOps,Overtime
377,2025-08-07,JOB807,0409,REG,10,WO827,Maintenance,Regular schedule
500,2025-06-04,JOB361,0487,OT,8,WO983,FieldOps,Day shift
566,2025-07-11,JOB462,0496,DT,6,WO479,Safety,Regular schedule
443,2025-06-05,JOB441,0493,OT,8,WO426,Maintenance,Day shift
935,2025-07-18,JOB717,0488,DT,12,WO536,Safety,Weekend work
446,2025-08-17,JOB112,0461,REG,12,WO672,Safety,Overtime
354,2025-06-16,JOB813,0448,REG,4,WO545,FieldOps,Overtime
903,2025-08-06,JOB990,0412,OT,10,WO386,Logistics,Night shift
684,2025-08-13,JOB978,0461,DT,6,WO521,FieldOps,Day shift
296,2025-08-08,JOB929,0416,REG,8,WO900,FieldOps,Day shift
496,2025-08-08,JOB503,0485,REG,6,WO562,Safety,Emergency call
504,2025-06-16,JOB923,0429,OT,10,WO849,Logistics,Day shift
973,2025-08-16,JOB226,0423,DT,4,WO601,FieldOps,Day shift
367,2025-06-30,JOB400,0456,OT,6,WO197,Safety,Overtime
237,2025-06-20,JOB371,0451,DT,12,WO358,FieldOps,Night shift
956,2025-06-09,JOB397,0400,OT,10,WO925,Maintenance,Night shift
791,2025-07-11,JOB638,0417,DT,10,WO138,FieldOps,Emergency call
772,2025-07-02,JOB864,0461,REG,6,WO570,Maintenance,Regular schedule
577,2025-07-22,JOB728,0413,DT,4,WO932,Maintenance,Overtime
589,2025-05-28,JOB721,0400,OT,8,WO172,Maintenance,Overtime
515,2025-06-08,JOB554,0478,DT,4,WO544,Logistics,Overtime
106,2025-06-04,JOB784,0442,REG,6,WO590,Logistics,Day shift
219,2025-07-19,JOB111,0417,REG,12,WO779,Safety,Day shift
251,2025-05-24,JOB286,0460,OT,12,WO948,Maintenance,Overtime
938,2025-08-01,JOB231,0406,OT,4,WO160,Maintenance,Overtime
527,2025-07-04,JOB991,0433,REG,6,WO398,FieldOps,Overtime
558,2025-06-07,JOB691,0414,REG,10,WO330,Maintenance,Emergency call
711,2025-06-05,JOB631,0489,REG,6,WO637,Logistics,Overtime
631,2025-08-10,JOB822,0473,DT,6,WO318,Maintenance,Emergency call
550,2025-08-15,JOB216,0498,REG,12,WO714,Logistics,Night shift
193,2025-06-30,JOB642,0463,REG,12,WO464,Logistics,Regular schedule
387,2025-07-07,JOB689,0444,OT,10,WO145,FieldOps,Overtime
312,2025-08-12,JOB491,0438,REG,12,WO168,FieldOps,Overtime
890,2025-06-22,JOB484,0426,DT,8,WO720,Maintenance,Regular schedule
513,2025-07-26,JOB627,0465,REG,10,WO456,Maintenance,Emergency call
956,2025-08-09,JOB369,0480,OT,8,WO900,Maintenance,Night shift
854,2025-07-17,JOB184,0407,DT,6,WO901,Maintenance,Night shift
663,2025-06-06,JOB508,0488,OT,12,WO457,Logistics,Day shift
866,2025-07-06,JOB849,0459,REG,10,WO300,Logistics,Emergency call
467,2025-07-03,JOB339,0465,OT,10,WO941,Logistics,Day shift
767,2025-07-28,JOB963,0408,REG,6,WO871,FieldOps,Regular schedule
257,2025-07-19,JOB373,0476,REG,12,WO416,Safety,Regular schedule
378,2025-08-13,JOB350,0442,OT,12,WO221,Logistics,Emergency call
581,2025-06-26,JOB181,0462,OT,6,WO508,FieldOps,Overtime
822,2025-06-02,JOB809,0417,OT,8,WO780,Safety,Regular schedule
704,2025-06-04,JOB272,0492,OT,4,WO424,Safety,Day shift
899,2025-07-18,JOB340,0426,REG,10,WO859,Logistics,Weekend work
138,2025-07-05,JOB180,0403,DT,4,WO218,Maintenance,Day shift
841,2025-07-07,JOB682,0422,OT,4,WO419,Maintenance,Night shift
262,2025-07-26,JOB948,0428,DT,8,WO293,FieldOps,Regular schedule
954,2025-07-26,JOB890,0400,REG,6,WO351,Logistics,Emergency call
844,2025-06-09,JOB503,0482,REG,10,WO281,FieldOps,Night shift
797,2025-07-15,JOB388,0411,OT,10,WO746,Maintenance,Overtime
522,2025-06-30,JOB152,0435,DT,4,WO409,Logistics,Day shift
210,2025-06-25,JOB198,0448,REG,6,WO937,Logistics,Overtime
457,2025-05-23,JOB709,0411,OT,8,WO228,Maintenance,Emergency call
560,2025-05-25,JOB164,0467,REG,6,WO711,Safety,Weekend work
266,2025-06-02,JOB707,0409,DT,8,WO410,Safety,Overtime
435,2025-06-07,JOB409,0431,OT,12,WO884,Maintenance,Day shift
422,2025-07-14,JOB301,0471,REG,10,WO732,Logistics,Emergency call
117,2025-07-20,JOB687,0483,REG,12,WO238,Maintenance,Night shift
932,2025-06-07,JOB446,0461,REG,10,WO886,Maintenance,Regular schedule
863,2025-07-26,JOB180,0447,REG,10,WO604,Logistics,Day shift
311,2025-07-14,JOB434,0403,DT,8,WO197,Safety,Night shift
888,2025-05-27,JOB888,0443,REG,12,WO499,Maintenance,Overtime
995,2025-06-15,JOB784,0423,REG,6,WO897,FieldOps,Weekend work
453,2025-08-15,JOB605,0499,DT,6,WO842,Safety,Overtime
168,2025-07-04,JOB971,0436,REG,10,WO274,Safety,Weekend work
760,2025-08-20,JOB595,0499,OT,6,WO681,Maintenance,Weekend work
486,2025-06-02,JOB771,0488,REG,6,WO986,FieldOps,Overtime
479,2025-06-24,JOB690,0434,OT,10,WO848,Safety,Emergency call
375,2025-08-01,JOB601,0418,DT,10,WO194,FieldOps,Day shift
979,2025-08-03,JOB983,0489,REG,8,WO813,Maintenance,Night shift
282,2025-05-27,JOB667,0480,DT,8,WO114,FieldOps,Day shift
282,2025-07-02,JOB433,0400,REG,8,WO154,Logistics,Weekend work
110,2025-07-14,JOB724,0419,DT,10,WO404,Logistics,Weekend work
185,2025-06-02,JOB317,0475,OT,4,WO507,Maintenance,Emergency call
161,2025-07-29,JOB556,0492,DT,4,WO476,FieldOps,Day shift
371,2025-06-18,JOB783,0401,OT,10,WO182,Safety,Day shift
200,2025-06-13,JOB931,0418,REG,6,WO722,Logistics,Night shift
132,2025-06-24,JOB925,0406,REG,8,WO615,Safety,Night shift
909,2025-08-11,JOB280,0451,DT,10,WO264,Safety,Overtime
213,2025-07-07,JOB333,0430,OT,4,WO248,Safety,Overtime
741,2025-07-18,JOB356,0490,REG,12,WO635,Safety,Day shift
360,2025-07-20,JOB939,0455,REG,8,WO357,Maintenance,Weekend work
785,2025-07-31,JOB469,0410,OT,6,WO448,Safety,Regular schedule
454,2025-05-31,JOB902,0411,OT,10,WO758,Maintenance,Day shift
366,2025-06-16,JOB892,0410,OT,6,WO866,Safety,Regular schedule
997,2025-07-27,JOB703,0431,DT,10,WO508,Safety,Overtime
723,2025-06-18,JOB677,0479,DT,6,WO834,Logistics,Weekend work
299,2025-06-25,JOB554,0439,REG,4,WO784,Maintenance,Weekend work
507,2025-08-04,JOB488,0474,OT,6,WO584,Safety,Night shift
443,2025-07-11,JOB943,0498,OT,6,WO993,FieldOps,Weekend work
532,2025-07-26,JOB766,0458,DT,4,WO412,Logistics,Night shift
881,2025-07-05,JOB622,0442,REG,12,WO866,Safety,Night shift
670,2025-07-02,JOB190,0440,OT,10,WO413,Logistics,Regular schedule
843,2025-07-28,JOB534,0403,DT,6,WO233,Logistics,Emergency call
329,2025-06-28,JOB591,0417,REG,8,WO352,FieldOps,Day shift
259,2025-07-24,JOB119,0474,DT,10,WO555,Logistics,Regular schedule
375,2025-07-05,JOB640,0449,REG,8,WO370,Logistics,Day shift
267,2025-08-09,JOB810,0460,OT,4,WO954,Safety,Emergency call
124,2025-08-05,JOB414,0465,REG,6,WO342,Maintenance,Emergency call
681,2025-07-27,JOB997,0440,OT,6,WO553,FieldOps,Emergency call
468,2025-07-15,JOB505,0450,DT,12,WO853,FieldOps,Weekend work
986,2025-07-09,JOB332,0494,DT,4,WO359,Logistics,Night shift
145,2025-07-29,JOB251,0432,REG,8,WO628,Maintenance,Regular schedule
676,2025-07-08,JOB933,0451,DT,4,WO847,Logistics,Emergency call
580,2025-06-03,JOB281,0442,DT,6,WO408,FieldOps,Night shift
306,2025-07-10,JOB522,0449,REG,6,WO775,FieldOps,Day shift
680,2025-06-20,JOB834,0416,OT,8,WO317,Logistics,Day shift
152,2025-07-27,JOB151,0454,OT,10,WO674,Logistics,Regular schedule
242,2025-06-23,JOB283,0419,DT,12,WO644,Logistics,Weekend work
710,2025-07-08,JOB208,0414,OT,6,WO552,FieldOps,Day shift
112,2025-06-15,JOB735,0431,OT,10,WO843,Logistics,Regular schedule
161,2025-08-07,JOB612,0449,REG,8,WO807,FieldOps,Day shift
354,2025-05-29,JOB337,0428,REG,12,WO840,Maintenance,Overtime
403,2025-07-24,JOB275,0401,OT,8,WO378,Maintenance,Regular schedule
521,2025-07-11,JOB194,0411,DT,10,WO635,Logistics,Night shift
887,2025-05-25,JOB206,0456,OT,12,WO157,Maintenance,Day shift
700,2025-06-12,JOB258,0424,OT,6,WO341,Logistics,Day shift
641,2025-07-13,JOB122,0480,OT,12,WO816,FieldOps,Emergency call
212,2025-08-05,JOB701,0425,OT,4,WO554,Maintenance,Emergency call
355,2025-07-08,JOB814,0459,DT,10,WO121,Maintenance,Night shift
849,2025-08-08,JOB123,0490,OT,12,WO830,FieldOps,Emergency call
381,2025-07-27,JOB454,0410,REG,8,WO246,Logistics,Night shift
550,2025-08-20,JOB525,0405,DT,6,WO291,Maintenance,Overtime
510,2025-07-20,JOB534,0484,OT,4,WO894,Safety,Day shift
209,2025-08-14,JOB307,0486,OT,8,WO827,FieldOps,Day shift
900,2025-07-11,JOB251,0460,OT,8,WO383,Logistics,Day shift
826,2025-06-24,JOB269,0415,REG,12,WO313,Logistics,Night shift
512,2025-05-26,JOB236,0443,OT,10,WO804,Maintenance,Night shift
833,2025-07-16,JOB592,0436,OT,6,WO128,FieldOps,Emergency call
801,2025-07-13,JOB643,0404,OT,6,WO340,Logistics,Overtime
571,2025-07-27,JOB849,0452,DT,6,WO136,FieldOps,Night shift
292,2025-07-24,JOB104,0478,OT,10,WO203,FieldOps,Overtime
790,2025-06-05,JOB747,0431,DT,12,WO539,Maintenance,Emergency call
814,2025-08-16,JOB856,0417,REG,8,WO217,Logistics,Regular schedule
886,2025-08-12,JOB535,0479,OT,4,WO365,FieldOps,Weekend work
491,2025-07-07,JOB641,0435,REG,8,WO589,Maintenance,Emergency call
858,2025-07-07,JOB306,0468,DT,8,WO610,Logistics,Emergency call
449,2025-07-01,JOB872,0405,REG,12,WO537,Safety,Regular schedule
550,2025-08-01,JOB736,0475,DT,6,WO742,Logistics,Night shift
396,2025-07-11,JOB626,0450,OT,10,WO501,Logistics,Regular schedule
899,2025-07-21,JOB605,0420,REG,4,WO690,FieldOps,Emergency call
522,2025-06-17,JOB324,0430,DT,12,WO298,Logistics,Weekend work
266,2025-07-26,JOB995,0462,REG,12,WO421,Logistics,Overtime
815,2025-07-04,JOB589,0413,REG,10,WO466,FieldOps,Emergency call
423,2025-08-09,JOB684,0492,REG,12,WO829,Safety,Regular schedule
628,2025-07-16,JOB275,0410,OT,8,WO323,FieldOps,Emergency call
138,2025-06-15,JOB123,0413,REG,6,WO743,FieldOps,Regular schedule
236,2025-06-06,JOB627,0460,REG,10,WO409,FieldOps,Weekend work
199,2025-05-23,JOB868,0419,REG,6,WO254,Logistics,Night shift
674,2025-08-17,JOB531,0410,OT,6,WO242,Safety,Day shift
389,2025-06-18,JOB738,0436,DT,12,WO284,FieldOps,Overtime
513,2025-08-04,JOB960,0445,DT,10,WO190,FieldOps,Emergency call
611,2025-06-11,JOB633,0481,REG,10,WO422,Maintenance,Regular schedule
675,2025-07-26,JOB809,0430,REG,10,WO616,Safety,Overtime
881,2025-07-03,JOB398,0475,REG,12,WO438,FieldOps,Emergency call
394,2025-07-02,JOB831,0454,REG,6,WO427,Logistics,Day shift
973,2025-08-03,JOB454,0425,DT,12,WO827,Safety,Regular schedule
406,2025-06-01,JOB984,0413,OT,10,WO989,Safety,Overtime
812,2025-07-27,JOB785,0411,REG,6,WO987,Logistics,Overtime
552,2025-06-25,JOB884,0454,DT,8,WO751,Maintenance,Night shift
254,2025-07-30,JOB391,0429,OT,10,WO833,Safety,Overtime
509,2025-06-13,JOB746,0476,REG,8,WO788,FieldOps,Regular schedule
936,2025-08-11,JOB920,0426,REG,10,WO625,Safety,Weekend work
310,2025-08-14,JOB821,0454,REG,8,WO378,Logistics,Weekend work
860,2025-06-05,JOB810,0480,REG,6,WO376,Logistics,Weekend work
818,2025-07-31,JOB268,0437,OT,10,WO650,FieldOps,Night shift
232,2025-07-13,JOB118,0456,REG,6,WO464,FieldOps,Weekend work
426,2025-07-19,JOB260,0418,OT,4,WO745,Logistics,Day shift
715,2025-05-27,JOB506,0465,DT,8,WO472,Safety,Overtime
981,2025-06-15,JOB927,0465,REG,12,WO499,Maintenance,Weekend work
559,2025-06-27,JOB811,0464,REG,12,WO822,FieldOps,Day shift
127,2025-07-02,JOB782,0429,OT,12,WO950,Logistics,Emergency call
318,2025-07-14,JOB891,0403,OT,8,WO580,Maintenance,Day shift
532,2025-06-17,JOB882,0435,DT,12,WO522,Logistics,Day shift
959,2025-06-02,JOB297,0457,DT,8,WO179,Safety,Overtime
950,2025-06-02,JOB147,0454,DT,10,WO199,Safety,Emergency call
614,2025-08-18,JOB643,0412,OT,10,WO942,Logistics,Emergency call
771,2025-07-02,JOB702,0400,DT,12,WO508,Safety,Overtime
872,2025-08-10,JOB733,0486,OT,4,WO869,FieldOps,Night shift
476,2025-07-21,JOB785,0420,OT,10,WO153,FieldOps,Weekend work
518,2025-05-25,JOB846,0410,OT,10,WO956,Safety,Emergency call
808,2025-06-02,JOB205,0466,DT,4,WO508,FieldOps,Regular schedule
616,2025-07-02,JOB905,0498,REG,8,WO664,Logistics,Day shift
967,2025-06-10,JOB391,0479,OT,4,WO574,Maintenance,Emergency call
293,2025-07-24,JOB785,0403,DT,12,WO970,Logistics,Weekend work
239,2025-07-02,JOB235,0492,REG,12,WO338,FieldOps,Night shift
484,2025-06-17,JOB291,0428,OT,8,WO237,Maintenance,Overtime
684,2025-06-24,JOB687,0407,OT,10,WO587,FieldOps,Emergency call
500,2025-07-15,JOB647,0485,REG,8,WO663,FieldOps,Weekend work
759,2025-07-03,JOB596,0429,REG,12,WO212,Logistics,Emergency call
729,2025-06-05,JOB683,0451,REG,10,WO753,Safety,Emergency call
756,2025-07-10,JOB802,0474,DT,8,WO925,FieldOps,Overtime
434,2025-07-18,JOB733,0467,DT,10,WO614,Logistics,Night shift
625,2025-05-30,JOB472,0486,DT,12,WO556,Safety,Emergency call
117,2025-08-03,JOB640,0490,OT,10,WO162,FieldOps,Regular schedule
201,2025-06-07,JOB175,0499,DT,6,WO246,Maintenance,Emergency call
630,2025-06-29,JOB747,0488,DT,4,WO805,Safety,Weekend work
129,2025-05-24,JOB920,0418,DT,4,WO572,FieldOps,Night shift
354,2025-08-17,JOB535,0420,OT,4,WO253,FieldOps,Weekend work
912,2025-06-27,JOB246,0426,DT,6,WO746,Logistics,Emergency call
745,2025-07-28,JOB970,0448,OT,12,WO843,FieldOps,Weekend work
547,2025-07-14,JOB196,0407,DT,4,WO915,Safety,Day shift
977,2025-07-25,JOB902,0471,OT,8,WO935,Safety,Emergency call
284,2025-07-24,JOB937,0411,OT,8,WO768,Maintenance,Weekend work
309,2025-08-08,JOB564,0442,OT,4,WO376,Logistics,Day shift
776,2025-06-28,JOB387,0488,REG,6,WO277,FieldOps,Overtime
472,2025-06-24,JOB592,0460,DT,12,WO368,Logistics,Weekend work
593,2025-06-27,JOB382,0472,REG,8,WO123,Logistics,Night shift
181,2025-08-03,JOB137,0451,OT,10,WO126,FieldOps,Overtime
313,2025-08-04,JOB114,0495,OT,6,WO261,Logistics,Weekend work
373,2025-08-20,JOB796,0463,DT,6,WO755,Maintenance,Regular schedule
417,2025-07-19,JOB884,0425,OT,10,WO139,FieldOps,Overtime
719,2025-07-02,JOB864,0453,DT,4,WO629,Maintenance,Weekend work
898,2025-06-13,JOB835,0431,DT,6,WO802,Maintenance,Weekend work
741,2025-08-04,JOB618,0475,OT,8,WO198,FieldOps,Day shift
191,2025-05-24,JOB813,0430,DT,10,WO910,Logistics,Emergency call
535,2025-07-22,JOB663,0495,OT,10,WO458,Maintenance,Overtime
271,2025-06-28,JOB754,0468,OT,10,WO783,Safety,Regular schedule
263,2025-06-25,JOB510,0492,OT,10,WO450,Logistics,Overtime
368,2025-07-17,JOB393,0494,OT,12,WO378,Logistics,Night shift
759,2025-05-29,JOB631,0418,DT,10,WO550,FieldOps,Overtime
722,2025-07-14,JOB955,0434,REG,10,WO396,Maintenance,Day shift
398,2025-07-19,JOB570,0469,DT,6,WO384,Safety,Weekend work
326,2025-07-28,JOB164,0495,DT,12,WO231,Logistics,Night shift
439,2025-07-16,JOB460,0474,REG,8,WO253,Safety,Regular schedule
215,2025-07-04,JOB987,0442,OT,8,WO527,Safety,Overtime
426,2025-07-06,JOB300,0463,REG,6,WO377,Safety,Day shift
629,2025-06-22,JOB945,0466,OT,6,WO879,Maintenance,Weekend work
814,2025-08-05,JOB558,0438,REG,4,WO792,Logistics,Emergency call
813,2025-07-20,JOB136,0467,OT,12,WO432,Maintenance,Weekend work
440,2025-06-03,JOB599,0414,REG,12,WO371,Logistics,Regular schedule
308,2025-07-24,JOB171,0405,DT,10,WO537,Logistics,Weekend work
617,2025-07-08,JOB957,0448,REG,6,WO982,Logistics,Day shift
833,2025-06-01,JOB978,0433,DT,6,WO103,Maintenance,Emergency call
330,2025-07-22,JOB193,0455,OT,12,WO479,FieldOps,Overtime
445,2025-07-26,JOB759,0453,REG,10,WO510,Maintenance,Emergency call
565,2025-07-11,JOB343,0475,REG,6,WO765,Maintenance,Emergency call
795,2025-08-01,JOB114,0409,REG,10,WO837,Safety,Night shift
303,2025-05-26,JOB402,0478,DT,4,WO279,Maintenance,Regular schedule
816,2025-07-06,JOB833,0473,OT,6,WO835,Maintenance,Emergency call
543,2025-06-28,JOB602,0409,OT,10,WO575,Logistics,Emergency call
433,2025-06-11,JOB689,0469,REG,10,WO886,Maintenance,Regular schedule
152,2025-06-01,JOB361,0458,OT,12,WO223,Maintenance,Day shift
692,2025-06-03,JOB568,0410,OT,6,WO314,Safety,Emergency call
827,2025-06-26,JOB621,0435,REG,6,WO457,FieldOps,Regular schedule
849,2025-06-19,JOB275,0453,DT,4,WO791,Safety,Day shift
811,2025-06-01,JOB532,0430,REG,6,WO717,Safety,Regular schedule
341,2025-06-29,JOB541,0477,OT,8,WO226,Logistics,Overtime
820,2025-08-13,JOB181,0498,DT,6,WO540,Logistics,Night shift
532,2025-08-05,JOB995,0480,OT,12,WO964,Maintenance,Weekend work
709,2025-06-24,JOB613,0408,DT,10,WO246,Maintenance,Regular schedule
432,2025-06-21,JOB302,0469,OT,10,WO215,FieldOps,Day shift
230,2025-08-12,JOB474,0484,REG,8,WO856,Safety,Regular schedule
827,2025-07-27,JOB520,0437,REG,10,WO703,Logistics,Regular schedule
260,2025-07-04,JOB667,0489,DT,8,WO634,Maintenance,Weekend work
500,2025-06-15,JOB274,0452,REG,12,WO153,Maintenance,Overtime
327,2025-07-09,JOB465,0469,OT,12,WO201,FieldOps,Overtime
562,2025-06-06,JOB676,0426,DT,6,WO345,Safety,Day shift
210,2025-06-26,JOB944,0464,DT,10,WO453,Logistics,Weekend work
200,2025-06-04,JOB713,0457,REG,10,WO575,Maintenance,Night shift
603,2025-07-24,JOB570,0453,DT,12,WO743,Logistics,Emergency call
701,2025-07-15,JOB780,0437,REG,12,WO930,Maintenance,Day shift
905,2025-06-25,JOB188,0478,OT,12,WO817,Logistics,Weekend work
572,2025-06-19,JOB398,0429,OT,4,WO966,FieldOps,Overtime
677,2025-08-18,JOB949,0417,DT,6,WO523,Logistics,Weekend work
300,2025-08-17,JOB770,0489,OT,8,WO912,Maintenance,Emergency call
877,2025-06-11,JOB394,0492,DT,8,WO419,Maintenance,Night shift
404,2025-07-14,JOB468,0422,DT,8,WO304,Logistics,Emergency call
134,2025-07-23,JOB294,0482,REG,10,WO274,Maintenance,Weekend work
442,2025-06-02,JOB761,0400,REG,4,WO102,FieldOps,Night shift
263,2025-07-25,JOB193,0435,OT,12,WO585,Maintenance,Night shift
408,2025-07-05,JOB762,0432,OT,8,WO917,Maintenance,Weekend work
667,2025-07-01,JOB112,0455,OT,6,WO916,Maintenance,Emergency call
381,2025-07-07,JOB684,0487,OT,6,WO522,FieldOps,Emergency call
362,2025-07-05,JOB494,0465,OT,10,WO484,FieldOps,Night shift
322,2025-06-29,JOB182,0434,OT,12,WO402,Logistics,Day shift
435,2025-07-18,JOB239,0485,OT,6,WO253,FieldOps,Overtime
373,2025-06-24,JOB473,0486,REG,4,WO114,Maintenance,Regular schedule
599,2025-06-21,JOB184,0474,REG,10,WO735,Maintenance,Overtime
773,2025-06-20,JOB330,0402,DT,10,WO595,Logistics,Regular schedule
573,2025-05-28,JOB325,0439,REG,4,WO580,Logistics,Day shift
323,2025-06-04,JOB766,0446,REG,8,WO569,Safety,Night shift
909,2025-06-30,JOB920,0458,DT,12,WO237,FieldOps,Weekend work
848,2025-05-25,JOB317,0482,REG,12,WO315,Maintenance,Regular schedule
305,2025-08-04,JOB695,0428,OT,8,WO626,Logistics,Night shift
137,2025-07-06,JOB454,0482,DT,10,WO222,Maintenance,Night shift
263,2025-06-02,JOB690,0440,REG,4,WO496,Maintenance,Regular schedule
937,2025-08-11,JOB826,0467,DT,6,WO896,Logistics,Day shift
607,2025-07-13,JOB786,0488,DT,8,WO137,Safety,Overtime
848,2025-07-30,JOB693,0468,DT,4,WO928,Maintenance,Overtime
106,2025-08-12,JOB780,0479,DT,4,WO867,Safety,Overtime
129,2025-07-31,JOB985,0443,DT,12,WO322,FieldOps,Overtime
943,2025-06-21,JOB713,0440,REG,8,WO804,Maintenance,Overtime
314,2025-06-27,JOB150,0496,REG,10,WO430,FieldOps,Weekend work
816,2025-08-16,JOB508,0498,OT,4,WO905,Logistics,Emergency call
187,2025-08-20,JOB744,0445,REG,4,WO665,FieldOps,Overtime
622,2025-06-15,JOB273,0493,OT,10,WO557,Safety,Regular schedule
570,2025-07-15,JOB390,0444,REG,10,WO221,Logistics,Day shift
364,2025-07-12,JOB942,0420,REG,8,WO412,FieldOps,Emergency call
571,2025-08-04,JOB263,0408,REG,12,WO682,Safety,Overtime
774,2025-06-22,JOB772,0475,OT,6,WO164,FieldOps,Weekend work
306,2025-08-15,JOB685,0496,OT,12,WO936,Maintenance,Overtime
719,2025-08-06,JOB616,0437,DT,4,WO459,FieldOps,Emergency call
846,2025-06-29,JOB291,0473,REG,8,WO763,Safety,Night shift
379,2025-08-11,JOB306,0475,REG,10,WO302,Safety,Regular schedule
877,2025-08-12,JOB417,0494,DT,12,WO795,Safety,Weekend work
524,2025-06-06,JOB385,0412,OT,12,WO282,Logistics,Emergency call
423,2025-07-11,JOB565,0406,REG,8,WO430,FieldOps,Day shift
732,2025-07-14,JOB136,0474,REG,10,WO782,Maintenance,Weekend work
223,2025-06-16,JOB914,0430,REG,6,WO304,Logistics,Regular schedule
786,2025-07-25,JOB462,0424,OT,8,WO690,Safety,Emergency call
670,2025-06-29,JOB995,0431,OT,6,WO742,FieldOps,Day shift
531,2025-08-03,JOB490,0436,OT,10,WO938,Safety,Day shift
832,2025-06-08,JOB831,0417,REG,12,WO212,Safety,Day shift
822,2025-06-12,JOB707,0451,DT,6,WO819,Safety,Weekend work
698,2025-06-16,JOB426,0457,REG,10,WO494,Maintenance,Night shift
465,2025-08-01,JOB927,0463,OT,4,WO759,Maintenance,Day shift
630,2025-07-24,JOB913,0454,DT,4,WO789,FieldOps,Night shift
723,2025-06-12,JOB814,0462,DT,6,WO294,Safety,Night shift
798,2025-07-15,JOB467,0473,REG,12,WO120,Maintenance,Night shift
540,2025-06-18,JOB212,0401,REG,12,WO450,Maintenance,Regular schedule
566,2025-06-20,JOB948,0499,REG,6,WO800,FieldOps,Emergency call
186,2025-06-03,JOB507,0458,OT,4,WO344,Logistics,Night shift
469,2025-07-08,JOB717,0495,DT,10,WO257,Maintenance,Overtime
995,2025-07-13,JOB185,0461,OT,4,WO419,FieldOps,Overtime
153,2025-05-27,JOB730,0488,OT,8,WO488,Safety,Day shift
950,2025-07-10,JOB493,0488,REG,10,WO500,FieldOps,Day shift
225,2025-06-18,JOB218,0410,DT,8,WO113,Logistics,Day shift
592,2025-08-18,JOB858,0455,OT,10,WO655,Logistics,Overtime
530,2025-08-05,JOB954,0419,OT,10,WO208,Safety,Emergency call
291,2025-06-14,JOB230,0492,OT,8,WO153,Logistics,Day shift
852,2025-06-24,JOB887,0457,REG,10,WO444,Maintenance,Regular schedule
152,2025-08-05,JOB635,0405,OT,10,WO362,Safety,Weekend work
803,2025-06-21,JOB564,0492,OT,10,WO652,Logistics,Emergency call
278,2025-06-15,JOB117,0499,OT,12,WO723,FieldOps,Day shift
486,2025-06-16,JOB906,0471,REG,10,WO124,Logistics,Regular schedule
985,2025-06-09,JOB953,0476,REG,12,WO100,Maintenance,Day shift
586,2025-07-18,JOB785,0467,REG,4,WO946,Logistics,Day shift
466,2025-07-20,JOB541,0477,REG,4,WO458,Maintenance,Night shift
148,2025-05-23,JOB860,0473,DT,10,WO289,Safety,Night shift
751,2025-07-06,JOB302,0497,REG,4,WO923,FieldOps,Emergency call
191,2025-08-03,JOB907,0469,REG,10,WO956,Logistics,Night shift
173,2025-05-31,JOB586,0431,DT,12,WO633,Maintenance,Night shift
116,2025-07-20,JOB480,0479,OT,8,WO654,Logistics,Night shift
686,2025-07-13,JOB426,0461,REG,4,WO962,Maintenance,Regular schedule
537,2025-05-30,JOB161,0420,REG,4,WO887,Maintenance,Day shift
724,2025-06-18,JOB613,0429,DT,10,WO819,FieldOps,Regular schedule
267,2025-07-06,JOB336,0491,OT,8,WO401,Logistics,Day shift
791,2025-06-27,JOB896,0430,DT,6,WO290,FieldOps,Day shift
962,2025-07-05,JOB183,0456,DT,10,WO982,Safety,Overtime
702,2025-08-15,JOB354,0455,DT,6,WO415,FieldOps,Emergency call
543,2025-06-09,JOB370,0448,DT,6,WO406,Safety,Regular schedule
850,2025-08-15,JOB500,0413,DT,8,WO326,Logistics,Night shift
286,2025-08-01,JOB707,0476,DT,6,WO303,Logistics,Weekend work
595,2025-07-13,JOB198,0415,OT,6,WO479,Safety,Overtime
226,2025-07-04,JOB485,0480,OT,6,WO478,FieldOps,Regular schedule
605,2025-05-26,JOB918,0416,OT,4,WO685,FieldOps,Overtime
644,2025-07-01,JOB530,0478,OT,12,WO184,Maintenance,Day shift
472,2025-07-17,JOB548,0432,OT,10,WO884,Safety,Night shift
925,2025-08-06,JOB592,0491,OT,8,WO103,Logistics,Weekend work
433,2025-06-09,JOB540,0467,OT,4,WO669,Maintenance,Overtime
642,2025-06-04,JOB919,0436,DT,10,WO415,Maintenance,Day shift
175,2025-08-13,JOB218,0411,OT,6,WO910,Maintenance,Regular schedule
458,2025-07-04,JOB955,0438,DT,12,WO532,Logistics,Overtime
346,2025-07-18,JOB967,0419,REG,4,WO184,Logistics,Overtime
122,2025-08-01,JOB601,0429,REG,4,WO816,Maintenance,Emergency call
903,2025-07-27,JOB982,0416,DT,12,WO880,Safety,Emergency call
751,2025-08-17,JOB116,0417,OT,8,WO408,Maintenance,Weekend work
480,2025-06-06,JOB938,0478,DT,6,WO769,FieldOps,Day shift
191,2025-05-24,JOB342,0426,REG,12,WO929,Maintenance,Overtime
241,2025-07-21,JOB634,0417,DT,4,WO924,Logistics,Regular schedule
837,2025-06-29,JOB172,0483,DT,6,WO720,Logistics,Night shift
339,2025-07-22,JOB643,0453,REG,12,WO867,Logistics,Emergency call
392,2025-08-09,JOB695,0471,DT,10,WO436,Logistics,Emergency call
943,2025-05-29,JOB787,0453,DT,8,WO265,Safety,Overtime
564,2025-06-20,JOB995,0427,DT,12,WO678,Maintenance,Overtime
220,2025-08-11,JOB996,0409,REG,4,WO770,Logistics,Day shift
389,2025-07-09,JOB373,0460,REG,4,WO739,Logistics,Emergency call
214,2025-07-30,JOB758,0447,DT,8,WO454,Safety,Night shift
596,2025-08-18,JOB177,0418,REG,4,WO943,Safety,Weekend work
539,2025-06-03,JOB144,0429,OT,8,WO439,Safety,Overtime
445,2025-05-25,JOB229,0401,OT,6,WO159,Safety,Emergency call
812,2025-05-30,JOB741,0460,DT,12,WO612,Safety,Weekend work
853,2025-07-29,JOB492,0478,DT,6,WO335,Safety,Day shift
399,2025-08-05,JOB786,0482,REG,8,WO280,Safety,Emergency call
829,2025-06-20,JOB138,0464,REG,12,WO432,Maintenance,Night shift
322,2025-08-19,JOB231,0439,DT,12,WO152,Safety,Weekend work
877,2025-05-24,JOB330,0487,REG,8,WO941,Maintenance,Emergency call
911,2025-06-13,JOB238,0402,REG,4,WO938,FieldOps,Day shift
100,2025-08-11,JOB860,0481,DT,12,WO580,Logistics,Night shift
370,2025-06-07,JOB312,0466,DT,4,WO269,Safety,Night shift
237,2025-08-05,JOB936,0402,OT,10,WO723,Maintenance,Emergency call
576,2025-07-07,JOB403,0415,DT,8,WO984,Safety,Emergency call
733,2025-06-06,JOB798,0454,REG,10,WO268,Safety,Overtime
653,2025-06-22,JOB571,0449,REG,4,WO560,Maintenance,Overtime
401,2025-07-19,JOB385,0416,DT,8,WO465,Maintenance,Regular schedule
510,2025-07-11,JOB984,0475,DT,4,WO834,FieldOps,Night shift
501,2025-08-09,JOB761,0414,OT,12,WO507,FieldOps,Weekend work
469,2025-07-31,JOB522,0425,DT,12,WO434,Safety,Night shift
950,2025-06-26,JOB366,0408,REG,8,WO803,Safety,Regular schedule
894,2025-08-06,JOB626,0404,DT,8,WO519,Logistics,Weekend work
150,2025-07-21,JOB986,0435,REG,12,WO247,Safety,Day shift
141,2025-06-18,JOB197,0473,DT,10,WO755,Logistics,Emergency call
997,2025-06-28,JOB122,0409,DT,6,WO505,Maintenance,Regular schedule
319,2025-07-30,JOB646,0461,OT,12,WO623,Maintenance,Night shift
873,2025-06-16,JOB623,0419,OT,12,WO863,Maintenance,Overtime
905,2025-07-09,JOB973,0494,REG,4,WO756,Safety,Emergency call
422,2025-08-19,JOB341,0458,DT,4,WO100,Maintenance,Overtime
215,2025-06-28,JOB356,0400,REG,10,WO840,Maintenance,Emergency call
334,2025-07-08,JOB257,0417,OT,12,WO240,Safety,Regular schedule
702,2025-06-24,JOB694,0462,DT,10,WO662,Logistics,Weekend work
832,2025-06-04,JOB584,0467,REG,4,WO190,Maintenance,Overtime
641,2025-08-17,JOB906,0460,DT,6,WO621,Safety,Day shift
722,2025-08-02,JOB612,0483,OT,10,WO597,Maintenance,Overtime
171,2025-08-08,JOB196,0425,REG,12,WO425,Maintenance,Overtime
186,2025-06-06,JOB632,0485,REG,4,WO386,Safety,Emergency call
580,2025-08-16,JOB118,0451,REG,6,WO835,Safety,Night shift
872,2025-05-31,JOB607,0466,OT,12,WO555,Safety,Emergency call
161,2025-07-12,JOB103,0497,OT,10,WO552,Logistics,Night shift
510,2025-07-07,JOB970,0444,DT,10,WO700,FieldOps,Day shift
310,2025-07-03,JOB381,0454,OT,12,WO987,FieldOps,Day shift
129,2025-06-06,JOB710,0481,DT,12,WO791,Logistics,Regular schedule
631,2025-05-30,JOB578,0427,DT,12,WO267,Logistics,Weekend work
656,2025-06-20,JOB931,0430,OT,12,WO909,Safety,Emergency call
380,2025-07-12,JOB290,0495,DT,4,WO153,Logistics,Regular schedule
928,2025-08-03,JOB656,0406,OT,8,WO727,Safety,Weekend work
690,2025-07-27,JOB513,0427,REG,4,WO679,Maintenance,Emergency call
728,2025-06-21,JOB256,0453,DT,12,WO894,Logistics,Weekend work
741,2025-07-28,JOB194,0408,REG,8,WO510,Maintenance,Overtime
526,2025-07-30,JOB175,0439,DT,6,WO568,Maintenance,Weekend work
144,2025-07-03,JOB550,0438,OT,6,WO466,FieldOps,Overtime
987,2025-06-08,JOB943,0434,DT,12,WO470,Logistics,Night shift
716,2025-07-15,JOB708,0463,DT,6,WO176,Logistics,Day shift
370,2025-07-29,JOB150,0404,OT,10,WO172,Logistics,Overtime
847,2025-07-07,JOB381,0421,OT,10,WO534,FieldOps,Day shift
825,2025-07-19,JOB791,0498,DT,12,WO847,FieldOps,Overtime
629,2025-05-31,JOB508,0436,REG,6,WO584,FieldOps,Night shift
158,2025-06-10,JOB656,0416,OT,6,WO487,Maintenance,Day shift
892,2025-06-21,JOB145,0405,REG,12,WO312,Safety,Night shift
849,2025-08-13,JOB586,0415,REG,6,WO204,Maintenance,Day shift
172,2025-06-24,JOB668,0456,OT,8,WO762,FieldOps,Overtime
230,2025-08-02,JOB231,0442,REG,8,WO808,Safety,Weekend work
424,2025-07-21,JOB462,0426,DT,12,WO625,FieldOps,Regular schedule
222,2025-05-25,JOB646,0486,OT,10,WO837,FieldOps,Night shift
829,2025-05-30,JOB931,0442,DT,12,WO762,Safety,Weekend work
638,2025-07-28,JOB469,0447,DT,12,WO479,Maintenance,Weekend work
686,2025-06-17,JOB220,0442,DT,10,WO189,Safety,Regular schedule
244,2025-07-31,JOB563,0453,REG,12,WO479,FieldOps,Day shift
946,2025-07-05,JOB937,0400,DT,8,WO407,Safety,Emergency call
461,2025-06-27,JOB864,0455,DT,12,WO537,Logistics,Emergency call
247,2025-07-19,JOB318,0490,OT,6,WO137,Maintenance,Overtime
764,2025-07-30,JOB560,0473,OT,4,WO345,FieldOps,Regular schedule
802,2025-08-12,JOB914,0429,OT,8,WO430,FieldOps,Overtime
492,2025-06-26,JOB855,0430,REG,10,WO253,Logistics,Emergency call
487,2025-06-05,JOB984,0487,OT,4,WO871,Safety,Night shift
312,2025-07-06,JOB907,0456,OT,6,WO811,FieldOps,Weekend work
775,2025-07-11,JOB951,0432,DT,8,WO691,Safety,Day shift
522,2025-08-04,JOB269,0430,DT,12,WO369,FieldOps,Regular schedule
945,2025-07-30,JOB159,0494,OT,8,WO510,FieldOps,Emergency call
576,2025-06-14,JOB597,0419,OT,12,WO810,Safety,Overtime
689,2025-07-19,JOB450,0483,REG,6,WO505,Logistics,Regular schedule
735,2025-06-13,JOB319,0496,OT,12,WO412,FieldOps,Emergency call
353,2025-07-26,JOB882,0464,DT,8,WO794,Safety,Day shift
117,2025-08-09,JOB561,0436,DT,6,WO284,Safety,Emergency call
509,2025-06-23,JOB801,0458,DT,10,WO629,Safety,Overtime
700,2025-06-06,JOB312,0484,OT,12,WO641,FieldOps,Overtime
657,2025-08-03,JOB180,0458,REG,8,WO128,Safety,Overtime
537,2025-07-02,JOB582,0451,OT,8,WO168,Maintenance,Day shift
951,2025-07-04,JOB104,0419,REG,12,WO974,Maintenance,Night shift
792,2025-08-20,JOB635,0435,OT,10,WO892,Maintenance,Overtime
713,2025-06-05,JOB100,0422,OT,8,WO681,Maintenance,Overtime
825,2025-07-28,JOB496,0487,REG,12,WO700,Safety,Overtime
176,2025-06-11,JOB157,0448,REG,8,WO367,Logistics,Emergency call
267,2025-06-21,JOB720,0463,OT,4,WO176,Safety,Regular schedule
695,2025-06-05,JOB137,0481,REG,12,WO600,Logistics,Emergency call
776,2025-07-01,JOB142,0422,REG,12,WO938,Logistics,Emergency call
437,2025-08-16,JOB486,0498,OT,6,WO711,FieldOps,Day shift
253,2025-06-04,JOB156,0413,REG,10,WO220,Logistics,Regular schedule
275,2025-08-17,JOB973,0431,OT,4,WO891,Logistics,Night shift
193,2025-08-11,JOB654,0455,OT,6,WO708,FieldOps,Regular schedule
536,2025-06-23,JOB340,0472,DT,10,WO987,Maintenance,Weekend work
941,2025-06-17,JOB174,0407,REG,12,WO675,Maintenance,Weekend work
862,2025-05-30,JOB917,0445,OT,8,WO758,Safety,Night shift
439,2025-07-19,JOB880,0428,OT,8,WO212,Logistics,Regular schedule
187,2025-06-13,JOB540,0455,DT,8,WO815,Logistics,Overtime
365,2025-07-02,JOB785,0448,DT,12,WO695,Safety,Overtime
185,2025-07-15,JOB367,0414,OT,10,WO721,Logistics,Emergency call
605,2025-08-11,JOB188,0453,REG,12,WO928,Logistics,Weekend work
750,2025-07-19,JOB777,0422,OT,6,WO481,FieldOps,Night shift
748,2025-07-21,JOB804,0470,REG,10,WO667,Maintenance,Day shift
503,2025-06-26,JOB486,0462,DT,12,WO988,Safety,Regular schedule
787,2025-06-22,JOB234,0475,OT,6,WO905,Maintenance,Emergency call
418,2025-07-11,JOB554,0420,DT,8,WO772,Safety,Day shift
351,2025-07-17,JOB629,0406,REG,6,WO769,Safety,Regular schedule
551,2025-06-09,JOB175,0436,REG,8,WO119,FieldOps,Regular schedule
558,2025-08-10,JOB716,0467,OT,6,WO250,FieldOps,Weekend work
788,2025-06-26,JOB937,0418,REG,6,WO765,Safety,Weekend work
838,2025-07-20,JOB563,0469,DT,12,WO487,Maintenance,Emergency call
568,2025-06-27,JOB435,0405,OT,10,WO420,Maintenance,Day shift
989,2025-07-22,JOB986,0426,OT,8,WO375,Maintenance,Night shift
871,2025-06-30,JOB882,0482,OT,10,WO937,Logistics,Day shift
814,2025-07-15,JOB227,0466,REG,10,WO928,FieldOps,Weekend work
555,2025-07-30,JOB831,0485,OT,4,WO955,FieldOps,Regular schedule
338,2025-08-12,JOB909,0461,DT,12,WO420,Maintenance,Regular schedule
397,2025-06-02,JOB168,0416,OT,12,WO146,Maintenance,Overtime
924,2025-06-09,JOB573,0457,DT,12,WO118,FieldOps,Overtime
117,2025-05-29,JOB263,0497,DT,8,WO642,Maintenance,Weekend work
863,2025-05-24,JOB210,0487,REG,4,WO447,FieldOps,Overtime
330,2025-05-23,JOB174,0408,DT,6,WO349,FieldOps,Day shift
222,2025-05-24,JOB318,0494,DT,12,WO869,Safety,Weekend work
703,2025-06-09,JOB836,0409,REG,10,WO977,FieldOps,Emergency call
241,2025-06-12,JOB527,0474,OT,8,WO867,Maintenance,Regular schedule
878,2025-07-23,JOB522,0419,DT,12,WO561,Logistics,Emergency call
570,2025-08-20,JOB607,0478,OT,8,WO256,Maintenance,Weekend work
426,2025-07-05,JOB117,0431,DT,10,WO294,Logistics,Day shift
827,2025-06-10,JOB857,0441,DT,6,WO160,FieldOps,Weekend work
943,2025-08-10,JOB289,0462,OT,12,WO469,FieldOps,Overtime
965,2025-06-27,JOB533,0411,REG,12,WO298,Safety,Night shift
482,2025-08-02,JOB788,0410,REG,8,WO874,Safety,Day shift
389,2025-07-14,JOB671,0426,REG,8,WO796,Logistics,Night shift
852,2025-07-12,JOB614,0476,REG,6,WO532,FieldOps,Night shift
843,2025-07-30,JOB858,0471,OT,6,WO726,Safety,Day shift
594,2025-07-20,JOB515,0483,DT,6,WO810,Logistics,Overtime
113,2025-06-19,JOB988,0475,REG,4,WO669,Maintenance,Night shift
980,2025-06-25,JOB420,0441,REG,6,WO165,FieldOps,Day shift
932,2025-06-24,JOB829,0430,REG,10,WO111,Safety,Emergency call
724,2025-06-28,JOB619,0456,OT,10,WO533,Safety,Regular schedule
309,2025-07-08,JOB607,0420,REG,10,WO108,Logistics,Night shift
875,2025-07-22,JOB361,0494,DT,10,WO192,Maintenance,Emergency call
724,2025-06-17,JOB828,0475,OT,10,WO852,Logistics,Night shift
798,2025-06-23,JOB635,0447,REG,4,WO941,Logistics,Weekend work
847,2025-06-01,JOB242,0416,DT,4,WO938,Safety,Night shift
699,2025-06-04,JOB771,0429,OT,8,WO560,Logistics,Overtime
428,2025-08-11,JOB465,0415,REG,12,WO697,Safety,Overtime
971,2025-08-01,JOB591,0493,DT,10,WO721,Logistics,Weekend work
183,2025-07-04,JOB942,0455,OT,6,WO819,Logistics,Regular schedule
906,2025-05-28,JOB456,0402,DT,10,WO303,Safety,Night shift
363,2025-08-09,JOB670,0465,OT,4,WO588,Maintenance,Day shift
915,2025-07-17,JOB586,0448,OT,6,WO219,Safety,Regular schedule
518,2025-06-27,JOB740,0442,DT,6,WO896,Logistics,Weekend work
803,2025-07-16,JOB102,0489,REG,4,WO238,Safety,Overtime
474,2025-08-19,JOB746,0438,DT,10,WO340,Logistics,Regular schedule
636,2025-08-03,JOB958,0467,DT,12,WO420,Logistics,Day shift
182,2025-08-06,JOB501,0455,DT,6,WO487,FieldOps,Day shift
453,2025-07-23,JOB835,0492,OT,6,WO434,Safety,Day shift
895,2025-07-20,JOB663,0402,DT,10,WO176,Maintenance,Night shift
534,2025-07-01,JOB801,0430,REG,6,WO486,Logistics,Day shift
608,2025-06-24,JOB412,0488,REG,8,WO703,FieldOps,Emergency call
839,2025-06-04,JOB503,0484,REG,8,WO377,Safety,Day shift
623,2025-07-05,JOB510,0416,REG,10,WO692,FieldOps,Regular schedule
888,2025-07-02,JOB769,0435,REG,4,WO287,FieldOps,Day shift
671,2025-07-25,JOB411,0403,OT,8,WO386,FieldOps,Regular schedule
460,2025-06-17,JOB211,0451,DT,4,WO465,Safety,Emergency call
575,2025-07-24,JOB953,0467,REG,10,WO657,Safety,Overtime
961,2025-07-28,JOB679,0422,DT,12,WO846,Safety,Regular schedule
121,2025-07-22,JOB974,0495,REG,10,WO528,FieldOps,Night shift
634,2025-07-02,JOB358,0415,OT,12,WO587,FieldOps,Night shift
167,2025-08-19,JOB183,0483,OT,6,WO928,FieldOps,Emergency call
923,2025-07-15,JOB306,0403,REG,12,WO328,Safety,Overtime
456,2025-05-23,JOB238,0406,DT,6,WO231,FieldOps,Overtime
975,2025-07-24,JOB649,0487,OT,4,WO270,Safety,Emergency call
427,2025-08-02,JOB940,0413,OT,6,WO805,FieldOps,Emergency call
910,2025-06-09,JOB176,0462,DT,8,WO949,Logistics,Overtime
842,2025-06-10,JOB839,0479,OT,6,WO233,Safety,Night shift
204,2025-05-30,JOB818,0486,OT,8,WO983,FieldOps,Day shift
118,2025-06-18,JOB369,0458,REG,10,WO393,FieldOps,Weekend work
199,2025-08-15,JOB776,0457,DT,10,WO681,Maintenance,Overtime
688,2025-06-27,JOB897,0469,DT,10,WO170,FieldOps,Weekend work
366,2025-07-30,JOB225,0481,OT,8,WO614,Safety,Day shift
242,2025-06-28,JOB921,0437,DT,8,WO577,Logistics,Overtime
448,2025-07-11,JOB285,0498,OT,4,WO591,Safety,Emergency call
334,2025-05-26,JOB228,0496,DT,4,WO533,Safety,Regular schedule
275,2025-08-18,JOB838,0451,DT,10,WO679,Logistics,Emergency call
377,2025-07-03,JOB364,0422,REG,12,WO587,Safety,Weekend work
593,2025-08-18,JOB729,0464,OT,10,WO298,Logistics,Regular schedule
337,2025-05-29,JOB250,0407,DT,12,WO283,Maintenance,Day shift
879,2025-06-01,JOB399,0432,OT,6,WO248,Maintenance,Night shift
820,2025-06-04,JOB353,0432,OT,4,WO398,Maintenance,Regular schedule
552,2025-08-20,JOB821,0411,DT,10,WO876,Maintenance,Weekend work
828,2025-06-12,JOB131,0467,OT,12,WO993,Maintenance,Weekend work
740,2025-07-12,JOB617,0419,DT,4,WO809,Maintenance,Overtime
373,2025-07-28,JOB173,0443,REG,8,WO644,Safety,Weekend work
219,2025-08-02,JOB890,0423,DT,6,WO932,Maintenance,Emergency call
668,2025-05-28,JOB605,0423,OT,12,WO754,Logistics,Day shift
919,2025-06-25,JOB505,0400,OT,8,WO165,FieldOps,Emergency call
412,2025-08-04,JOB872,0466,OT,12,WO663,Maintenance,Day shift
650,2025-08-18,JOB180,0485,DT,10,WO297,Maintenance,Weekend work
503,2025-07-21,JOB529,0497,OT,4,WO164,Logistics,Overtime
411,2025-08-08,JOB250,0462,REG,12,WO194,Maintenance,Emergency call
625,2025-07-16,JOB336,0473,REG,4,WO622,Logistics,Regular schedule
228,2025-05-30,JOB110,0434,REG,4,WO584,Safety,Emergency call
440,2025-08-12,JOB255,0406,REG,10,WO512,Maintenance,Day shift
179,2025-08-07,JOB182,0472,DT,8,WO653,Safety,Day shift
973,2025-07-31,JOB379,0470,OT,6,WO675,Safety,Regular schedule
803,2025-08-07,JOB679,0463,OT,12,WO967,Logistics,Day shift
818,2025-06-21,JOB974,0446,OT,4,WO560,Logistics,Weekend work
264,2025-07-26,JOB167,0451,DT,8,WO139,Safety,Night shift
893,2025-08-13,JOB563,0497,REG,12,WO439,Maintenance,Regular schedule
661,2025-07-26,JOB648,0472,DT,8,WO349,Safety,Day shift
697,2025-07-28,JOB819,0485,DT,8,WO758,Logistics,Overtime
720,2025-06-19,JOB285,0476,DT,4,WO463,Maintenance,Day shift
240,2025-07-24,JOB193,0491,DT,8,WO654,FieldOps,Overtime
234,2025-06-03,JOB990,0466,OT,6,WO356,Maintenance,Regular schedule
788,2025-06-17,JOB861,0407,DT,12,WO380,FieldOps,Night shift
286,2025-07-07,JOB691,0417,DT,12,WO260,FieldOps,Weekend work
126,2025-07-12,JOB789,0480,OT,4,WO804,Maintenance,Night shift
251,2025-06-07,JOB951,0405,REG,10,WO233,Safety,Night shift
764,2025-08-18,JOB584,0453,DT,10,WO622,FieldOps,Regular schedule
299,2025-07-15,JOB951,0491,DT,8,WO327,Logistics,Regular schedule
378,2025-07-06,JOB542,0412,REG,12,WO176,Maintenance,Weekend work
555,2025-05-31,JOB212,0490,DT,12,WO651,FieldOps,Day shift
474,2025-07-05,JOB115,0404,DT,4,WO889,FieldOps,Emergency call
997,2025-07-22,JOB652,0430,REG,12,WO484,Safety,Weekend work
453,2025-07-01,JOB496,0411,OT,10,WO119,Logistics,Weekend work
279,2025-07-21,JOB375,0463,OT,4,WO309,Safety,Overtime
667,2025-07-19,JOB801,0433,OT,10,WO532,Logistics,Day shift
620,2025-06-26,JOB859,0473,OT,4,WO660,Maintenance,Regular schedule
337,2025-06-17,JOB464,0457,OT,4,WO176,Logistics,Night shift
736,2025-07-25,JOB868,0481,OT,10,WO743,Logistics,Weekend work
504,2025-07-02,JOB528,0444,REG,4,WO957,FieldOps,Weekend work
356,2025-07-28,JOB825,0404,DT,6,WO375,Logistics,Night shift
318,2025-07-11,JOB535,0461,REG,12,WO459,Maintenance,Night shift
916,2025-06-22,JOB822,0484,OT,10,WO307,Logistics,Overtime
704,2025-08-01,JOB313,0461,DT,4,WO396,Logistics,Day shift
784,2025-06-10,JOB547,0478,DT,10,WO422,Safety,Night shift
416,2025-08-10,JOB323,0436,OT,8,WO408,Maintenance,Regular schedule
773,2025-06-29,JOB383,0448,REG,6,WO981,Logistics,Night shift
815,2025-06-11,JOB985,0449,DT,12,WO418,Maintenance,Weekend work
656,2025-06-06,JOB206,0452,OT,10,WO959,FieldOps,Day shift
427,2025-07-04,JOB523,0402,DT,10,WO566,Safety,Overtime
157,2025-05-27,JOB211,0401,OT,4,WO874,FieldOps,Overtime
595,2025-06-17,JOB612,0403,REG,4,WO567,Safety,Overtime
721,2025-05-26,JOB383,0421,DT,10,WO413,Maintenance,Regular schedule
647,2025-06-08,JOB870,0440,OT,6,WO920,Safety,Overtime
614,2025-06-09,JOB624,0455,DT,8,WO445,Logistics,Night shift
394,2025-05-24,JOB902,0498,OT,12,WO698,Safety,Regular schedule
754,2025-05-25,JOB338,0466,REG,6,WO730,FieldOps,Day shift
585,2025-07-05,JOB286,0499,REG,8,WO490,Maintenance,Night shift
513,2025-05-27,JOB352,0415,DT,6,WO418,Logistics,Weekend work
683,2025-06-02,JOB750,0444,REG,4,WO227,Logistics,Night shift
566,2025-06-23,JOB651,0448,REG,4,WO306,Safety,Overtime
172,2025-08-07,JOB216,0498,DT,8,WO472,Safety,Weekend work
949,2025-07-22,JOB328,0498,DT,6,WO661,Maintenance,Emergency call
567,2025-06-01,JOB768,0484,REG,12,WO179,Logistics,Regular schedule
444,2025-06-26,JOB118,0428,REG,6,WO551,Safety,Regular schedule
826,2025-08-01,JOB262,0492,OT,10,WO386,FieldOps,Day shift
233,2025-08-06,JOB419,0425,OT,4,WO638,Maintenance,Weekend work
167,2025-06-04,JOB688,0477,REG,6,WO136,Logistics,Regular schedule
407,2025-05-23,JOB585,0481,REG,6,WO233,Maintenance,Regular schedule
323,2025-05-24,JOB716,0450,DT,8,WO613,Maintenance,Overtime
673,2025-07-18,JOB932,0403,DT,6,WO686,FieldOps,Overtime
641,2025-08-06,JOB323,0463,REG,8,WO312,Logistics,Regular schedule
804,2025-08-16,JOB490,0473,OT,10,WO646,Maintenance,Regular schedule
239,2025-06-29,JOB644,0456,REG,12,WO760,Logistics,Day shift
786,2025-06-30,JOB252,0419,OT,6,WO652,Logistics,Night shift
359,2025-06-12,JOB105,0406,OT,10,WO570,Maintenance,Overtime
275,2025-06-24,JOB719,0408,DT,4,WO763,Logistics,Regular schedule
880,2025-07-21,JOB823,0473,OT,8,WO884,Maintenance,Night shift
689,2025-06-09,JOB603,0433,REG,6,WO650,Maintenance,Emergency call
661,2025-08-12,JOB733,0416,REG,4,WO842,FieldOps,Emergency call
233,2025-06-02,JOB525,0417,REG,6,WO143,Safety,Weekend work
557,2025-07-29,JOB197,0476,DT,8,WO943,Logistics,Night shift
897,2025-07-20,JOB704,0496,OT,10,WO488,Maintenance,Day shift
129,2025-06-22,JOB686,0439,REG,10,WO753,FieldOps,Regular schedule
632,2025-06-24,JOB813,0454,DT,8,WO436,Maintenance,Night shift
194,2025-08-04,JOB401,0483,DT,12,WO819,Maintenance,Day shift
940,2025-07-30,JOB768,0473,OT,6,WO818,Logistics,Regular schedule
122,2025-07-28,JOB204,0407,OT,8,WO893,Logistics,Day shift
791,2025-06-23,JOB560,0428,DT,4,WO568,Logistics,Day shift
470,2025-08-03,JOB211,0478,REG,12,WO740,FieldOps,Regular schedule
980,2025-08-19,JOB360,0431,OT,10,WO949,Safety,Night shift
987,2025-05-23,JOB613,0413,REG,6,WO807,Safety,Night shift
597,2025-07-06,JOB559,0496,DT,12,WO652,Maintenance,Weekend work
356,2025-08-14,JOB404,0489,DT,8,WO298,Logistics,Day shift
274,2025-08-11,JOB521,0465,OT,4,WO890,Logistics,Weekend work
128,2025-07-11,JOB343,0403,DT,4,WO527,Logistics,Emergency call
325,2025-07-06,JOB918,0460,REG,6,WO665,Safety,Night shift
577,2025-06-25,JOB207,0481,OT,12,WO672,Safety,Regular schedule
745,2025-06-15,JOB464,0453,REG,8,WO306,Safety,Night shift
361,2025-06-17,JOB956,0474,DT,10,WO462,Safety,Weekend work
976,2025-08-05,JOB169,0409,OT,8,WO833,FieldOps,Regular schedule
861,2025-06-24,JOB811,0482,REG,10,WO565,Logistics,Emergency call
856,2025-07-20,JOB305,0431,OT,4,WO714,FieldOps,Overtime
234,2025-07-05,JOB859,0431,OT,6,WO348,FieldOps,Emergency call
760,2025-06-16,JOB434,0407,OT,6,WO111,Maintenance,Day shift
833,2025-07-07,JOB478,0424,REG,10,WO941,Logistics,Overtime
438,2025-05-23,JOB380,0426,DT,4,WO613,Maintenance,Weekend work
161,2025-08-05,JOB489,0431,OT,8,WO528,Maintenance,Regular schedule
552,2025-07-16,JOB766,0491,DT,4,WO356,Safety,Night shift
108,2025-06-04,JOB500,0433,OT,10,WO957,Maintenance,Emergency call
270,2025-07-21,JOB521,0426,DT,8,WO683,Logistics,Night shift
530,2025-06-23,JOB425,0414,DT,8,WO788,Logistics,Weekend work
483,2025-07-08,JOB974,0468,REG,10,WO946,Safety,Day shift
900,2025-06-15,JOB788,0459,DT,6,WO276,FieldOps,Day shift
449,2025-06-03,JOB200,0455,DT,8,WO207,FieldOps,Weekend work
201,2025-07-28,JOB970,0451,REG,12,WO476,Safety,Regular schedule
148,2025-07-27,JOB231,0472,OT,10,WO786,FieldOps,Overtime
808,2025-07-25,JOB454,0497,OT,10,WO439,Safety,Regular schedule
721,2025-06-20,JOB138,0481,OT,12,WO152,Maintenance,Overtime
413,2025-08-17,JOB186,0465,REG,4,WO683,Safety,Night shift
413,2025-06-26,JOB441,0448,OT,12,WO952,FieldOps,Day shift
264,2025-08-11,JOB921,0449,REG,10,WO762,Logistics,Emergency call
171,2025-06-21,JOB969,0411,REG,12,WO441,Maintenance,Day shift
247,2025-06-24,JOB263,0402,OT,4,WO892,Logistics,Regular schedule
503,2025-07-10,JOB104,0443,REG,12,WO697,FieldOps,Regular schedule
870,2025-06-06,JOB621,0470,DT,12,WO570,FieldOps,Weekend work
883,2025-08-12,JOB309,0433,REG,8,WO771,Safety,Emergency call
751,2025-07-14,JOB514,0474,REG,4,WO940,FieldOps,Weekend work
894,2025-07-24,JOB124,0487,OT,8,WO657,Logistics,Overtime
234,2025-08-05,JOB636,0413,OT,6,WO110,Maintenance,Day shift
231,2025-06-09,JOB200,0409,OT,10,WO384,Maintenance,Emergency call
212,2025-06-23,JOB194,0404,DT,8,WO843,FieldOps,Weekend work
296,2025-08-10,JOB831,0435,REG,6,WO695,FieldOps,Day shift
628,2025-08-08,JOB133,0457,DT,12,WO637,Logistics,Weekend work
667,2025-06-14,JOB811,0483,DT,6,WO144,FieldOps,Regular schedule
461,2025-06-24,JOB254,0458,DT,8,WO138,Logistics,Emergency call
351,2025-06-03,JOB191,0469,REG,6,WO353,Maintenance,Night shift
545,2025-07-19,JOB766,0423,OT,4,WO637,Safety,Emergency call
592,2025-08-07,JOB534,0421,DT,10,WO766,Logistics,Day shift
101,2025-08-19,JOB540,0487,DT,12,WO844,Logistics,Overtime
955,2025-07-10,JOB380,0446,OT,12,WO436,Maintenance,Weekend work
449,2025-06-10,JOB991,0471,OT,10,WO517,Maintenance,Emergency call
592,2025-07-09,JOB316,0479,OT,10,WO760,FieldOps,Overtime
468,2025-05-27,JOB259,0434,REG,10,WO675,FieldOps,Day shift
374,2025-07-17,JOB896,0483,DT,8,WO443,Logistics,Emergency call
796,2025-08-11,JOB925,0400,OT,10,WO927,FieldOps,Day shift
339,2025-06-21,JOB514,0410,REG,4,WO114,Logistics,Day shift
578,2025-08-16,JOB185,0470,REG,8,WO910,Logistics,Regular schedule
875,2025-08-03,JOB669,0422,REG,10,WO712,FieldOps,Day shift
246,2025-05-23,JOB592,0466,OT,12,WO839,Safety,Day shift
866,2025-08-04,JOB139,0462,OT,8,WO262,Logistics,Weekend work
949,2025-06-08,JOB808,0492,OT,8,WO754,FieldOps,Regular schedule
248,2025-07-26,JOB692,0410,OT,6,WO157,Maintenance,Emergency call
555,2025-07-22,JOB575,0493,OT,6,WO916,Safety,Weekend work
536,2025-07-13,JOB347,0426,REG,10,WO482,FieldOps,Night shift
827,2025-06-04,JOB483,0467,DT,12,WO400,Logistics,Regular schedule
871,2025-06-13,JOB761,0438,DT,8,WO635,Safety,Day shift
776,2025-07-30,JOB698,0421,OT,4,WO667,Maintenance,Night shift
900,2025-06-25,JOB204,0444,REG,4,WO181,FieldOps,Day shift
845,2025-06-17,JOB354,0481,DT,6,WO987,FieldOps,Day shift
110,2025-08-17,JOB116,0425,REG,6,WO873,Maintenance,Day shift
451,2025-06-14,JOB909,0470,OT,10,WO615,Maintenance,Weekend work
349,2025-06-04,JOB935,0417,DT,6,WO530,Maintenance,Weekend work
264,2025-06-29,JOB165,0415,DT,10,WO706,FieldOps,Night shift
851,2025-06-15,JOB707,0485,DT,10,WO226,Safety,Night shift
532,2025-07-31,JOB605,0407,OT,10,WO739,Logistics,Night shift
862,2025-07-25,JOB499,0476,DT,10,WO681,Safety,Day shift
791,2025-07-02,JOB763,0412,REG,6,WO445,Safety,Overtime
799,2025-07-17,JOB597,0485,OT,8,WO859,Maintenance,Night shift
939,2025-06-28,JOB495,0441,OT,6,WO455,FieldOps,Emergency call
420,2025-08-16,JOB570,0436,DT,6,WO829,FieldOps,Regular schedule
733,2025-07-18,JOB983,0491,OT,10,WO703,Maintenance,Overtime
542,2025-07-03,JOB793,0428,DT,8,WO147,Maintenance,Night shift
537,2025-07-06,JOB433,0476,OT,4,WO167,Maintenance,Weekend work
444,2025-06-10,JOB719,0401,REG,4,WO609,FieldOps,Night shift
273,2025-08-03,JOB796,0419,OT,6,WO393,Logistics,Night shift
787,2025-08-08,JOB808,0468,DT,4,WO937,FieldOps,Night shift
271,2025-07-17,JOB157,0407,DT,12,WO634,FieldOps,Regular schedule
910,2025-07-05,JOB227,0414,DT,4,WO131,Safety,Day shift
372,2025-05-26,JOB398,0408,OT,12,WO280,FieldOps,Regular schedule
635,2025-06-28,JOB607,0488,DT,12,WO564,FieldOps,Weekend work
483,2025-06-05,JOB855,0483,DT,6,WO994,Logistics,Regular schedule
254,2025-07-11,JOB237,0495,DT,12,WO661,Logistics,Night shift
117,2025-07-26,JOB918,0457,REG,6,WO123,Safety,Overtime
109,2025-08-14,JOB827,0406,DT,10,WO939,Maintenance,Overtime
441,2025-06-15,JOB254,0463,REG,10,WO559,FieldOps,Emergency call
107,2025-07-25,JOB287,0428,REG,4,WO155,FieldOps,Overtime
212,2025-07-20,JOB129,0479,OT,6,WO317,Logistics,Emergency call
607,2025-06-01,JOB746,0403,REG,12,WO295,Maintenance,Emergency call
973,2025-07-08,JOB993,0449,REG,4,WO404,Safety,Emergency call
740,2025-06-09,JOB293,0476,OT,6,WO566,Maintenance,Night shift
794,2025-06-15,JOB768,0436,DT,8,WO692,FieldOps,Regular schedule
957,2025-08-02,JOB776,0475,DT,12,WO354,Maintenance,Overtime
629,2025-08-19,JOB359,0493,REG,12,WO630,Logistics,Overtime
177,2025-07-10,JOB375,0435,OT,8,WO621,Maintenance,Night shift
691,2025-07-21,JOB297,0415,OT,12,WO939,FieldOps,Night shift
475,2025-06-08,JOB950,0447,DT,8,WO893,Maintenance,Day shift
600,2025-08-17,JOB958,0450,DT,4,WO607,Logistics,Regular schedule
525,2025-06-23,JOB397,0486,REG,12,WO612,Logistics,Overtime
171,2025-06-07,JOB947,0484,OT,10,WO987,FieldOps,Regular schedule
595,2025-06-12,JOB282,0406,REG,4,WO848,Safety,Weekend work
563,2025-08-02,JOB614,0457,REG,4,WO375,Logistics,Night shift
411,2025-08-03,JOB849,0424,OT,8,WO451,Logistics,Regular schedule
639,2025-08-17,JOB615,0428,REG,8,WO423,Logistics,Overtime
723,2025-06-03,JOB153,0464,OT,4,WO160,Logistics,Emergency call
128,2025-08-17,JOB291,0443,OT,4,WO949,Safety,Day shift
251,2025-08-02,JOB345,0439,OT,4,WO981,Safety,Regular schedule
776,2025-07-12,JOB307,0419,REG,12,WO283,Maintenance,Emergency call
728,2025-07-24,JOB136,0401,REG,10,WO673,Maintenance,Emergency call
808,2025-07-19,JOB993,0401,OT,4,WO330,Logistics,Overtime
497,2025-05-29,JOB833,0405,OT,4,WO430,Logistics,Night shift
257,2025-07-01,JOB372,0496,OT,8,WO625,FieldOps,Regular schedule
514,2025-08-09,JOB950,0461,REG,8,WO846,Maintenance,Day shift
128,2025-06-19,JOB678,0430,REG,12,WO729,Logistics,Night shift
221,2025-06-09,JOB608,0490,DT,4,WO618,Safety,Night shift
847,2025-05-25,JOB240,0453,REG,8,WO575,Maintenance,Overtime
735,2025-06-28,JOB170,0431,DT,4,WO677,FieldOps,Overtime
517,2025-08-15,JOB705,0412,DT,6,WO333,Safety,Overtime
874,2025-08-01,JOB258,0453,REG,12,WO493,FieldOps,Emergency call
288,2025-06-11,JOB235,0458,DT,8,WO915,Safety,Night shift
630,2025-08-07,JOB479,0454,DT,8,WO510,FieldOps,Regular schedule
718,2025-07-07,JOB833,0417,REG,4,WO910,FieldOps,Overtime
125,2025-05-23,JOB266,0419,OT,6,WO939,Logistics,Regular schedule
677,2025-07-11,JOB296,0409,OT,8,WO226,Safety,Weekend work
821,2025-07-17,JOB882,0418,DT,10,WO333,Maintenance,Night shift
825,2025-08-18,JOB550,0433,DT,12,WO496,Safety,Day shift
206,2025-07-12,JOB138,0454,REG,4,WO824,FieldOps,Emergency call
878,2025-05-24,JOB111,0448,REG,12,WO161,Safety,Night shift
250,2025-08-09,JOB504,0432,DT,4,WO766,Logistics,Day shift
149,2025-07-23,JOB586,0457,REG,6,WO255,Maintenance,Weekend work
252,2025-07-20,JOB650,0404,OT,4,WO133,Maintenance,Regular schedule
703,2025-06-03,JOB647,0401,DT,8,WO825,Maintenance,Day shift
220,2025-08-16,JOB256,0468,OT,12,WO508,Maintenance,Day shift
554,2025-07-04,JOB613,0447,OT,10,WO908,Maintenance,Regular schedule
997,2025-06-15,JOB846,0485,OT,10,WO674,Maintenance,Night shift
553,2025-06-20,JOB818,0458,DT,6,WO371,Maintenance,Overtime
762,2025-06-19,JOB847,0408,REG,8,WO417,Logistics,Night shift
912,2025-08-16,JOB139,0448,DT,10,WO886,Safety,Weekend work
188,2025-06-02,JOB572,0449,REG,6,WO234,Logistics,Emergency call
960,2025-06-11,JOB900,0444,OT,12,WO372,Maintenance,Emergency call
255,2025-05-24,JOB620,0466,DT,4,WO466,Maintenance,Emergency call
558,2025-06-14,JOB787,0414,REG,4,WO900,Safety,Regular schedule
973,2025-06-11,JOB711,0404,OT,6,WO101,Logistics,Night shift
770,2025-06-18,JOB228,0457,REG,4,WO840,Maintenance,Emergency call
407,2025-05-30,JOB757,0403,OT,6,WO118,Safety,Day shift
940,2025-07-11,JOB236,0467,OT,6,WO846,FieldOps,Day shift
404,2025-08-14,JOB444,0426,REG,8,WO304,Logistics,Night shift
924,2025-07-19,JOB732,0405,REG,4,WO627,FieldOps,Day shift
336,2025-08-10,JOB907,0452,DT,10,WO652,FieldOps,Overtime
832,2025-06-13,JOB261,0465,REG,4,WO563,Safety,Day shift
381,2025-06-10,JOB621,0444,OT,8,WO436,Safety,Emergency call
993,2025-06-26,JOB294,0460,REG,8,WO500,Safety,Overtime
913,2025-07-28,JOB875,0473,DT,10,WO610,Safety,Emergency call
492,2025-08-03,JOB160,0436,DT,12,WO801,FieldOps,Weekend work
467,2025-07-01,JOB622,0480,OT,12,WO495,FieldOps,Day shift
477,2025-08-19,JOB763,0430,REG,4,WO100,Maintenance,Emergency call
524,2025-07-12,JOB705,0440,REG,10,WO419,Safety,Weekend work
611,2025-06-13,JOB696,0469,OT,10,WO506,Safety,Weekend work
445,2025-07-07,JOB453,0436,REG,12,WO743,FieldOps,Emergency call
764,2025-06-22,JOB968,0494,DT,4,WO801,Maintenance,Night shift
901,2025-07-30,JOB960,0421,OT,4,WO176,FieldOps,Weekend work
518,2025-06-19,JOB599,0439,OT,10,WO344,Maintenance,Night shift
650,2025-06-18,JOB848,0483,OT,10,WO574,FieldOps,Night shift
630,2025-05-23,JOB189,0432,REG,8,WO376,Logistics,Weekend work
477,2025-08-07,JOB937,0443,REG,10,WO272,Logistics,Overtime
338,2025-08-15,JOB467,0463,REG,8,WO785,FieldOps,Day shift
973,2025-07-11,JOB554,0479,REG,10,WO170,FieldOps,Regular schedule
538,2025-07-17,JOB881,0488,DT,12,WO208,FieldOps,Regular schedule
244,2025-07-23,JOB506,0426,DT,10,WO642,Logistics,Weekend work
838,2025-06-11,JOB699,0413,DT,4,WO858,Maintenance,Night shift
772,2025-07-09,JOB122,0474,DT,6,WO539,FieldOps,Day shift
904,2025-06-14,JOB996,0491,OT,4,WO403,Logistics,Emergency call
803,2025-06-15,JOB577,0444,OT,8,WO822,FieldOps,Regular schedule
452,2025-08-16,JOB898,0444,REG,10,WO271,FieldOps,Emergency call
423,2025-06-23,JOB284,0470,OT,6,WO714,Maintenance,Weekend work
632,2025-06-25,JOB359,0458,DT,6,WO505,Maintenance,Emergency call
329,2025-06-19,JOB743,0498,DT,8,WO452,Maintenance,Overtime
302,2025-05-25,JOB964,0428,OT,10,WO863,FieldOps,Weekend work
776,2025-06-12,JOB854,0471,OT,12,WO671,FieldOps,Regular schedule
153,2025-06-19,JOB578,0452,OT,10,WO551,Logistics,Day shift
365,2025-05-29,JOB619,0463,REG,12,WO274,Logistics,Emergency call
230,2025-08-01,JOB103,0488,DT,10,WO718,Safety,Weekend work
203,2025-06-25,JOB704,0433,REG,8,WO489,Logistics,Overtime
506,2025-08-14,JOB668,0444,DT,8,WO560,Maintenance,Weekend work
133,2025-07-22,JOB768,0417,OT,4,WO805,FieldOps,Night shift
612,2025-06-24,JOB564,0443,DT,4,WO344,Safety,Day shift
101,2025-08-19,JOB485,0435,DT,8,WO687,Logistics,Day shift
650,2025-06-20,JOB912,0447,REG,12,WO285,Maintenance,Night shift
283,2025-05-29,JOB932,0418,REG,6,WO844,Logistics,Overtime
492,2025-08-18,JOB459,0426,OT,12,WO959,Safety,Emergency call
428,2025-08-04,JOB174,0479,REG,6,WO752,Logistics,Weekend work
638,2025-08-13,JOB658,0412,OT,4,WO572,Logistics,Weekend work
269,2025-06-04,JOB897,0419,OT,10,WO478,Logistics,Emergency call
199,2025-07-26,JOB316,0481,DT,4,WO782,FieldOps,Weekend work
115,2025-08-06,JOB262,0403,REG,12,WO695,FieldOps,Day shift
352,2025-06-22,JOB882,0452,OT,6,WO153,Logistics,Overtime
913,2025-07-22,JOB252,0424,DT,4,WO460,Maintenance,Weekend work
651,2025-06-09,JOB901,0478,DT,10,WO664,FieldOps,Night shift
118,2025-06-07,JOB752,0490,OT,6,WO235,Maintenance,Regular schedule
321,2025-08-04,JOB656,0432,DT,6,WO451,Safety,Overtime
123,2025-07-04,JOB407,0459,REG,4,WO133,Safety,Regular schedule
439,2025-05-25,JOB188,0490,REG,12,WO912,FieldOps,Regular schedule
823,2025-06-05,JOB979,0466,OT,4,WO462,FieldOps,Emergency call
385,2025-07-25,JOB302,0452,OT,12,WO454,FieldOps,Emergency call
274,2025-06-06,JOB966,0454,DT,4,WO842,FieldOps,Night shift
970,2025-06-03,JOB173,0450,OT,8,WO472,Maintenance,Day shift
734,2025-07-23,JOB953,0485,REG,4,WO667,Safety,Overtime
848,2025-08-16,JOB178,0404,DT,12,WO160,FieldOps,Regular schedule
824,2025-06-19,JOB618,0417,OT,4,WO235,FieldOps,Emergency call
451,2025-05-25,JOB184,0494,DT,6,WO343,Safety,Overtime
462,2025-08-09,JOB893,0402,OT,6,WO293,Safety,Overtime
327,2025-08-16,JOB233,0422,REG,12,WO115,Logistics,Overtime
387,2025-08-20,JOB425,0464,OT,10,WO332,FieldOps,Emergency call
737,2025-08-14,JOB277,0455,DT,12,WO384,Maintenance,Day shift
604,2025-06-12,JOB270,0445,OT,8,WO998,Safety,Night shift
379,2025-06-10,JOB691,0465,REG,12,WO428,Logistics,Day shift
996,2025-06-22,JOB555,0424,DT,8,WO807,FieldOps,Regular schedule
950,2025-06-12,JOB308,0479,REG,4,WO226,Maintenance,Night shift
129,2025-08-04,JOB136,0435,REG,10,WO854,Logistics,Emergency call
869,2025-07-13,JOB519,0474,DT,8,WO621,Maintenance,Weekend work
914,2025-08-02,JOB936,0403,REG,10,WO675,FieldOps,Regular schedule
242,2025-06-08,JOB558,0473,DT,8,WO672,FieldOps,Weekend work
860,2025-07-03,JOB421,0441,DT,8,WO802,Safety,Emergency call
877,2025-07-05,JOB614,0486,REG,6,WO280,Maintenance,Weekend work
366,2025-07-19,JOB594,0456,DT,12,WO996,FieldOps,Night shift
399,2025-07-03,JOB311,0497,OT,6,WO850,FieldOps,Weekend work
709,2025-07-18,JOB396,0439,REG,6,WO449,Logistics,Day shift
645,2025-08-15,JOB195,0490,OT,12,WO351,FieldOps,Emergency call
781,2025-07-08,JOB213,0420,DT,12,WO707,FieldOps,Regular schedule
481,2025-06-30,JOB649,0441,DT,6,WO489,Safety,Emergency call
803,2025-07-13,JOB241,0459,REG,4,WO790,FieldOps,Night shift
443,2025-06-19,JOB776,0420,REG,8,WO841,Safety,Night shift
916,2025-07-12,JOB668,0454,REG,6,WO480,FieldOps,Emergency call
940,2025-06-13,JOB806,0498,DT,8,WO327,FieldOps,Night shift
504,2025-06-25,JOB117,0494,DT,4,WO463,Maintenance,Day shift
265,2025-06-27,JOB701,0424,DT,6,WO106,FieldOps,Emergency call
358,2025-08-09,JOB623,0462,REG,4,WO775,Maintenance,Day shift
899,2025-06-04,JOB213,0486,REG,4,WO757,FieldOps,Regular schedule
454,2025-05-25,JOB844,0426,DT,12,WO381,FieldOps,Night shift
997,2025-07-05,JOB901,0420,OT,10,WO342,Maintenance,Weekend work
528,2025-05-25,JOB581,0497,OT,4,WO377,FieldOps,Overtime
780,2025-05-26,JOB234,0459,REG,8,WO282,Maintenance,Overtime
834,2025-05-31,JOB259,0474,DT,8,WO410,FieldOps,Regular schedule
621,2025-05-25,JOB219,0486,OT,10,WO117,Maintenance,Weekend work
600,2025-08-07,JOB737,0466,REG,10,WO872,Maintenance,Regular schedule
814,2025-06-17,JOB279,0477,REG,12,WO152,Maintenance,Weekend work
442,2025-06-15,JOB139,0410,OT,4,WO899,Safety,Regular schedule
752,2025-07-23,JOB138,0491,OT,12,WO614,FieldOps,Overtime
830,2025-07-12,JOB538,0462,REG,10,WO235,FieldOps,Emergency call
859,2025-06-24,JOB708,0493,DT,8,WO334,Logistics,Night shift
447,2025-08-08,JOB817,0449,DT,8,WO276,FieldOps,Day shift
356,2025-05-27,JOB865,0481,REG,10,WO306,FieldOps,Overtime
275,2025-06-23,JOB444,0423,DT,12,WO707,FieldOps,Overtime
212,2025-06-12,JOB596,0492,OT,12,WO520,Logistics,Day shift
494,2025-08-14,JOB711,0485,DT,12,WO902,Logistics,Overtime
461,2025-07-05,JOB496,0495,OT,10,WO663,Maintenance,Regular schedule
460,2025-07-29,JOB435,0492,DT,10,WO904,Maintenance,Day shift
704,2025-07-24,JOB349,0437,OT,10,WO387,Logistics,Regular schedule
960,2025-08-15,JOB836,0475,DT,10,WO368,Logistics,Emergency call
178,2025-08-06,JOB150,0409,DT,4,WO515,Safety,Night shift
116,2025-05-26,JOB166,0423,OT,6,WO670,Safety,Overtime
309,2025-08-13,JOB342,0437,OT,6,WO727,FieldOps,Weekend work
491,2025-08-10,JOB517,0429,REG,4,WO877,Safety,Weekend work
888,2025-06-09,JOB121,0447,DT,12,WO613,Safety,Weekend work
286,2025-07-29,JOB746,0433,OT,4,WO759,Safety,Night shift
370,2025-08-10,JOB501,0418,REG,8,WO508,Logistics,Night shift
961,2025-08-02,JOB265,0406,DT,6,WO627,Safety,Day shift
184,2025-06-22,JOB651,0457,OT,4,WO450,FieldOps,Weekend work
586,2025-08-06,JOB733,0415,REG,10,WO342,Logistics,Day shift
488,2025-06-29,JOB847,0404,REG,10,WO735,Maintenance,Overtime
402,2025-06-16,JOB543,0455,OT,6,WO559,Safety,Emergency call
986,2025-05-31,JOB822,0453,OT,8,WO480,Safety,Emergency call
758,2025-07-11,JOB243,0428,DT,6,WO527,Logistics,Day shift
145,2025-07-04,JOB233,0413,OT,6,WO576,Safety,Day shift
368,2025-06-28,JOB331,0495,DT,4,WO114,Maintenance,Overtime
689,2025-08-02,JOB598,0470,REG,6,WO370,Logistics,Night shift
381,2025-05-31,JOB158,0438,OT,12,WO830,Safety,Night shift
513,2025-06-01,JOB929,0406,DT,12,WO899,Safety,Weekend work
509,2025-07-07,JOB395,0491,OT,6,WO497,Maintenance,Overtime
877,2025-08-02,JOB861,0453,DT,8,WO690,FieldOps,Day shift
801,2025-07-08,JOB849,0456,REG,4,WO179,Logistics,Emergency call
267,2025-07-18,JOB666,0421,DT,4,WO458,Safety,Regular schedule
894,2025-05-30,JOB531,0410,DT,4,WO855,Logistics,Overtime
556,2025-08-03,JOB494,0485,DT,6,WO284,FieldOps,Emergency call
815,2025-08-01,JOB844,0417,REG,4,WO841,Maintenance,Emergency call
497,2025-08-08,JOB434,0481,REG,12,WO526,Logistics,Day shift
988,2025-06-03,JOB228,0401,OT,6,WO826,FieldOps,Emergency call
336,2025-08-06,JOB854,0472,DT,6,WO414,Maintenance,Emergency call
848,2025-06-06,JOB735,0461,DT,12,WO435,Logistics,Day shift
378,2025-07-27,JOB546,0407,REG,12,WO612,Maintenance,Emergency call
154,2025-05-25,JOB531,0413,OT,4,WO492,Logistics,Regular schedule
915,2025-06-07,JOB429,0496,OT,4,WO291,FieldOps,Weekend work
349,2025-07-29,JOB441,0463,REG,12,WO743,FieldOps,Regular schedule
388,2025-06-05,JOB728,0431,REG,10,WO496,Safety,Weekend work
184,2025-08-19,JOB555,0455,DT,10,WO153,Safety,Overtime
392,2025-05-25,JOB757,0412,REG,8,WO751,Maintenance,Overtime
112,2025-07-23,JOB414,0470,DT,8,WO427,Logistics,Overtime
339,2025-06-27,JOB541,0465,REG,4,WO589,Safety,Night shift
479,2025-06-05,JOB580,0407,DT,12,WO465,FieldOps,Day shift
399,2025-08-12,JOB781,0466,OT,12,WO738,Maintenance,Day shift
639,2025-07-26,JOB848,0443,REG,6,WO827,Safety,Regular schedule
885,2025-08-05,JOB258,0414,DT,6,WO847,Maintenance,Regular schedule
892,2025-07-16,JOB474,0498,DT,8,WO421,FieldOps,Day shift
828,2025-07-17,JOB710,0411,OT,8,WO134,Logistics,Night shift
474,2025-07-13,JOB717,0470,REG,4,WO976,Maintenance,Regular schedule
441,2025-07-08,JOB196,0448,REG,6,WO374,Safety,Night shift
567,2025-06-17,JOB178,0449,OT,10,WO885,Safety,Overtime
295,2025-06-18,JOB650,0406,REG,6,WO890,FieldOps,Weekend work
473,2025-07-27,JOB809,0421,OT,12,WO420,Logistics,Regular schedule
899,2025-06-25,JOB793,0459,DT,10,WO357,FieldOps,Weekend work
624,2025-08-01,JOB667,0402,DT,12,WO310,Maintenance,Overtime
757,2025-07-20,JOB138,0457,DT,8,WO475,Logistics,Day shift
778,2025-06-17,JOB669,0420,DT,8,WO305,Safety,Emergency call
627,2025-07-13,JOB574,0481,DT,8,WO269,FieldOps,Weekend work
860,2025-08-16,JOB776,0456,REG,10,WO382,Logistics,Emergency call
635,2025-05-24,JOB221,0475,OT,6,WO559,Logistics,Emergency call
919,2025-06-29,JOB783,0455,DT,8,WO507,Logistics,Weekend work
238,2025-07-27,JOB584,0468,REG,4,WO553,Logistics,Emergency call
175,2025-08-03,JOB316,0417,REG,4,WO748,Maintenance,Weekend work
258,2025-07-16,JOB785,0419,OT,12,WO765,Logistics,Day shift
560,2025-07-26,JOB752,0465,REG,8,WO782,FieldOps,Regular schedule
220,2025-08-11,JOB942,0442,REG,6,WO658,FieldOps,Emergency call
918,2025-08-08,JOB349,0420,OT,8,WO237,Safety,Weekend work
653,2025-05-23,JOB111,0461,OT,6,WO491,Safety,Night shift
493,2025-06-18,JOB417,0477,OT,4,WO585,Safety,Day shift
922,2025-07-10,JOB567,0471,DT,12,WO754,Logistics,Day shift
337,2025-07-24,JOB822,0425,OT,12,WO888,Maintenance,Emergency call
382,2025-07-05,JOB196,0470,REG,6,WO209,Maintenance,Emergency call
203,2025-05-23,JOB509,0427,REG,4,WO465,Logistics,Emergency call
822,2025-07-24,JOB495,0487,DT,4,WO587,Safety,Weekend work
902,2025-08-18,JOB735,0447,OT,12,WO204,Safety,Overtime
660,2025-06-30,JOB426,0492,OT,10,WO251,Logistics,Emergency call
452,2025-07-16,JOB323,0485,REG,10,WO302,Maintenance,Weekend work
466,2025-07-26,JOB992,0470,OT,8,WO945,Logistics,Emergency call
429,2025-08-09,JOB125,0429,DT,8,WO454,Maintenance,Weekend work
933,2025-07-21,JOB388,0422,OT,10,WO285,Safety,Emergency call
453,2025-06-18,JOB927,0489,REG,10,WO531,Safety,Weekend work
980,2025-06-03,JOB842,0470,DT,8,WO462,Safety,Emergency call
226,2025-07-10,JOB339,0463,OT,12,WO788,Safety,Emergency call
127,2025-07-18,JOB624,0419,REG,6,WO880,FieldOps,Night shift
937,2025-07-28,JOB217,0480,REG,10,WO461,Maintenance,Weekend work
948,2025-05-24,JOB212,0480,REG,4,WO711,Logistics,Night shift
275,2025-06-15,JOB232,0485,DT,6,WO777,Maintenance,Day shift
122,2025-08-01,JOB210,0466,OT,10,WO498,Maintenance,Emergency call
974,2025-07-09,JOB762,0470,REG,12,WO153,FieldOps,Day shift
172,2025-08-20,JOB316,0475,DT,8,WO639,Maintenance,Overtime
983,2025-06-20,JOB486,0405,DT,6,WO970,Maintenance,Emergency call
557,2025-07-01,JOB107,0406,REG,10,WO969,FieldOps,Emergency call
798,2025-06-19,JOB291,0493,REG,12,WO677,FieldOps,Day shift
288,2025-08-09,JOB426,0412,DT,4,WO226,Maintenance,Night shift
772,2025-06-11,JOB796,0481,OT,10,WO272,Maintenance,Day shift
317,2025-07-29,JOB560,0490,DT,8,WO836,Maintenance,Regular schedule
844,2025-06-01,JOB618,0474,OT,6,WO356,Logistics,Regular schedule
742,2025-06-27,JOB978,0422,DT,4,WO345,Logistics,Weekend work
486,2025-08-15,JOB365,0424,DT,12,WO782,Logistics,Night shift
698,2025-06-02,JOB640,0480,REG,12,WO102,Safety,Weekend work
867,2025-08-01,JOB231,0458,DT,12,WO899,Maintenance,Night shift
530,2025-06-21,JOB420,0465,OT,10,WO275,Logistics,Day shift
565,2025-07-20,JOB263,0438,REG,10,WO299,Maintenance,Weekend work
327,2025-07-28,JOB658,0493,DT,4,WO257,Logistics,Weekend work
727,2025-07-14,JOB145,0487,REG,6,WO165,Safety,Overtime
101,2025-07-03,JOB228,0493,DT,12,WO101,Safety,Night shift
554,2025-07-31,JOB761,0467,REG,4,WO664,Logistics,Regular schedule
428,2025-06-24,JOB498,0473,REG,6,WO113,Safety,Emergency call
355,2025-07-09,JOB465,0451,DT,4,WO435,Maintenance,Weekend work
408,2025-06-19,JOB837,0442,DT,10,WO935,Maintenance,Day shift
131,2025-05-30,JOB212,0496,REG,4,WO274,Logistics,Emergency call
562,2025-08-02,JOB960,0420,OT,4,WO602,Logistics,Night shift
331,2025-07-09,JOB845,0400,DT,8,WO323,Logistics,Regular schedule
874,2025-06-19,JOB566,0438,DT,4,WO304,Safety,Regular schedule
580,2025-07-01,JOB225,0442,REG,12,WO713,Logistics,Weekend work
808,2025-07-22,JOB300,0474,REG,6,WO646,FieldOps,Night shift
980,2025-08-03,JOB972,0431,DT,6,WO369,FieldOps,Day shift
975,2025-07-02,JOB273,0439,OT,10,WO199,Safety,Weekend work
709,2025-06-05,JOB283,0441,OT,12,WO598,Maintenance,Emergency call
878,2025-08-01,JOB510,0435,REG,10,WO318,Maintenance,Overtime
243,2025-07-27,JOB472,0493,REG,6,WO844,Safety,Night shift
662,2025-08-15,JOB860,0476,REG,4,WO848,FieldOps,Regular schedule
698,2025-06-15,JOB646,0478,REG,12,WO957,Logistics,Day shift
144,2025-06-03,JOB564,0488,REG,12,WO148,Safety,Emergency call
159,2025-07-14,JOB253,0465,DT,6,WO450,Logistics,Regular schedule
147,2025-06-18,JOB828,0460,OT,8,WO810,Maintenance,Weekend work
306,2025-06-07,JOB503,0450,REG,8,WO268,Logistics,Emergency call
389,2025-06-07,JOB419,0414,DT,6,WO520,FieldOps,Overtime
